index,genre
5075,adventure 
32149,adventure 
7154,crime 
4259,crime 
7548,drama 
16555,horror 
15630,adventure 
13353,adventure 
30711,romance 
17780,drama 
17867,drama 
30674,horror 
12486,comedy 
28587,comedy 
11960,adventure 
18718,crime 
24070,comedy 
20495,thriller 
20274,drama 
7996,comedy 
27520,drama 
20160,comedy 
17028,drama 
13095,horror 
28126,crime 
5600,comedy 
33547,comedy 
25995,horror 
16457,comedy 
19504,crime 
14166,thriller 
22596,crime 
4068,western 
3505,western 
18581,drama 
13339,drama 
5727,adventure 
30820,romance 
11252,horror 
28113,romance 
14785,crime 
14628,western 
14459,adventure 
23705,crime 
26820,thriller 
34825,romance 
16442,horror 
25938,romance 
18036,horror 
20688,horror 
26944,western 
14315,comedy 
10794,adventure 
4519,comedy 
14762,comedy 
10566,horror 
3831,drama 
8344,horror 
17872,drama 
10504,western 
4025,horror 
3109,western 
14585,comedy 
24079,romance 
8315,horror 
20857,comedy 
14882,adventure 
6021,crime 
3321,comedy 
25097,horror 
10515,romance 
20069,crime 
30648,comedy 
23918,crime 
8137,western 
14289,crime 
6256,drama 
5547,adventure 
23860,crime 
32207,romance 
26759,western 
22173,drama 
20026,drama 
32594,romance 
30699,western 
26109,drama 
3055,drama 
32881,comedy 
9879,comedy 
25935,romance 
5280,horror 
22155,comedy 
24119,crime 
14702,thriller 
12928,comedy 
33253,adventure 
13602,comedy 
9170,thriller 
14816,drama 
10898,horror 
31772,romance 
3464,comedy 
10881,horror 
26160,comedy 
5532,drama 
10897,comedy 
33589,drama 
24828,drama 
23167,drama 
26248,horror 
4832,western 
4653,adventure 
11204,drama 
10957,drama 
25096,drama 
11054,drama 
3937,comedy 
8310,drama 
8425,thriller 
12136,horror 
13831,horror 
26048,crime 
8970,western 
13310,comedy 
11223,horror 
10469,romance 
15165,horror 
16247,horror 
15872,horror 
15870,comedy 
13338,adventure 
12169,horror 
15079,thriller 
31926,romance 
16726,thriller 
11637,drama 
3466,drama 
7194,western 
13680,comedy 
9290,adventure 
10522,thriller 
15883,comedy 
20806,adventure 
30862,drama 
34850,drama 
22323,drama 
22945,drama 
10801,horror 
19115,thriller 
16900,romance 
10070,thriller 
8109,drama 
25139,comedy 
25114,thriller 
4232,drama 
3992,comedy 
5667,drama 
8744,crime 
12686,horror 
4634,comedy 
20807,horror 
10825,horror 
21064,adventure 
6929,horror 
4986,romance 
28715,romance 
19503,crime 
12333,comedy 
30665,romance 
5535,comedy 
9915,adventure 
10087,horror 
17009,horror 
32467,horror 
34139,romance 
22343,horror 
18960,thriller 
17908,horror 
11895,thriller 
12696,comedy 
11348,comedy 
19286,drama 
13648,comedy 
4237,thriller 
8979,adventure 
9435,thriller 
4839,thriller 
10407,adventure 
9820,adventure 
13136,thriller 
21903,drama 
19537,drama 
27082,drama 
16173,comedy 
20308,crime 
30631,crime 
19968,adventure 
24823,crime 
25073,romance 
22301,comedy 
21859,crime 
4992,comedy 
3206,comedy 
13255,western 
16420,romance 
20223,adventure 
9214,horror 
32211,romance 
8484,drama 
25696,romance 
28082,romance 
3184,drama 
22576,drama 
8025,horror 
12139,horror 
16167,drama 
32874,romance 
15468,thriller 
27305,drama 
18580,adventure 
11816,drama 
19525,romance 
15111,thriller 
28446,drama 
34852,drama 
5995,drama 
11768,horror 
32286,romance 
16354,horror 
7016,comedy 
19649,drama 
18618,western 
3955,comedy 
11641,adventure 
7746,romance 
19634,horror 
5748,drama 
30625,horror 
6649,horror 
34175,horror 
19595,adventure 
9228,thriller 
32136,drama 
19941,comedy 
17503,thriller 
12250,drama 
6487,comedy 
25079,romance 
26829,horror 
9919,thriller 
13462,horror 
9393,comedy 
10295,drama 
13866,drama 
11170,horror 
14123,comedy 
22325,comedy 
15737,horror 
32188,horror 
17936,drama 
6943,comedy 
28101,romance 
25090,romance 
6763,romance 
15011,adventure 
34502,crime 
32723,romance 
8911,thriller 
22405,comedy 
13939,thriller 
12962,western 
8597,crime 
24761,romance 
11478,drama 
21777,adventure 
13202,adventure 
9696,horror 
3352,adventure 
32105,romance 
7308,western 
7613,comedy 
18786,drama 
20701,drama 
34863,western 
13820,comedy 
8205,crime 
9535,drama 
19000,adventure 
19589,drama 
23767,drama 
15249,adventure 
6064,horror 
5837,horror 
4727,drama 
32784,romance 
26442,drama 
28289,comedy 
11274,adventure 
6594,comedy 
14884,thriller 
8952,adventure 
20084,adventure 
10846,comedy 
3235,horror 
17295,drama 
7533,comedy 
10177,thriller 
5592,adventure 
11728,thriller 
4336,romance 
8811,drama 
13005,adventure 
10953,thriller 
11945,drama 
20322,adventure 
20092,horror 
14692,comedy 
10595,drama 
7752,comedy 
13221,comedy 
31693,crime 
8904,adventure 
24790,comedy 
21832,drama 
11910,comedy 
14499,romance 
22208,drama 
14643,comedy 
4244,romance 
6937,crime 
3075,horror 
32501,horror 
19179,horror 
20825,comedy 
7306,adventure 
16202,thriller 
19026,drama 
11315,crime 
13266,drama 
3273,romance 
19197,drama 
6662,drama 
33315,horror 
23640,comedy 
19144,adventure 
12680,horror 
14770,horror 
10351,thriller 
25554,romance 
10045,horror 
11769,horror 
7818,drama 
16699,comedy 
21045,drama 
12946,horror 
19549,thriller 
11099,crime 
6117,comedy 
4748,adventure 
32718,drama 
12758,crime 
20633,comedy 
10602,adventure 
30615,romance 
13673,comedy 
5313,horror 
33516,romance 
19047,drama 
19767,horror 
9255,horror 
3371,comedy 
12033,thriller 
12186,drama 
10869,crime 
25960,horror 
9839,horror 
3551,drama 
12331,crime 
12774,horror 
13082,thriller 
28212,drama 
10140,adventure 
33505,adventure 
11801,horror 
14412,horror 
15950,horror 
4853,adventure 
13386,comedy 
6377,comedy 
16043,thriller 
14993,thriller 
17520,adventure 
15623,comedy 
18989,comedy 
30725,romance 
12846,drama 
10074,comedy 
12817,horror 
9312,horror 
32326,romance 
19898,comedy 
5293,horror 
26850,romance 
19679,drama 
32813,comedy 
10537,drama 
24048,crime 
16966,horror 
20293,thriller 
6932,horror 
5554,drama 
18782,horror 
24086,adventure 
20608,comedy 
15722,horror 
13772,drama 
19366,crime 
28406,crime 
31549,romance 
15415,horror 
12679,horror 
7658,comedy 
19617,adventure 
13364,horror 
27449,thriller 
28734,thriller 
19236,adventure 
24064,romance 
6111,adventure 
28293,romance 
6801,crime 
16520,adventure 
9184,drama 
28586,drama 
14587,adventure 
8601,drama 
11299,horror 
21944,comedy 
3649,western 
34180,horror 
9989,crime 
24882,drama 
28056,comedy 
12285,romance 
33421,horror 
11344,drama 
26971,horror 
12442,crime 
23131,horror 
13920,crime 
6206,crime 
27405,drama 
14131,adventure 
10158,adventure 
24067,horror 
22083,crime 
5726,comedy 
30880,horror 
13017,horror 
7438,comedy 
4949,adventure 
3680,drama 
23190,adventure 
21864,drama 
19805,drama 
24531,romance 
19678,adventure 
24756,crime 
24757,romance 
7025,romance 
26982,romance 
19104,drama 
24930,romance 
8489,drama 
9892,drama 
17288,romance 
11896,drama 
24096,drama 
16066,comedy 
16492,thriller 
10039,horror 
7296,comedy 
26015,romance 
7615,adventure 
10081,drama 
24864,romance 
18813,crime 
16848,horror 
22834,drama 
11842,horror 
9178,comedy 
15461,horror 
23346,comedy 
13889,horror 
5077,drama 
7161,romance 
22348,thriller 
22401,drama 
9416,comedy 
20029,comedy 
14792,horror 
11414,comedy 
15443,comedy 
21086,drama 
30761,horror 
26774,romance 
3827,crime 
16261,western 
5041,comedy 
10913,western 
7052,comedy 
12970,adventure 
15522,comedy 
19827,romance 
11995,comedy 
17825,western 
32898,adventure 
9638,horror 
22069,comedy 
30677,romance 
5039,adventure 
7520,horror 
3408,drama 
30762,horror 
8812,drama 
7963,adventure 
8593,horror 
6513,drama 
6385,western 
10456,comedy 
10929,thriller 
13432,adventure 
22102,western 
12282,thriller 
6568,crime 
24770,comedy 
11311,thriller 
24849,comedy 
22600,comedy 
21831,drama 
11922,adventure 
4767,comedy 
3115,romance 
15208,drama 
25433,horror 
15631,horror 
8568,comedy 
9192,adventure 
16433,drama 
20358,crime 
6393,romance 
19669,western 
11310,comedy 
19437,crime 
9181,drama 
13205,crime 
9506,horror 
20775,horror 
31215,thriller 
10964,drama 
12306,thriller 
8346,comedy 
14657,adventure 
28256,romance 
4421,adventure 
18006,romance 
21981,western 
12733,crime 
9613,comedy 
10703,comedy 
13715,western 
21065,thriller 
17384,romance 
11272,horror 
7345,adventure 
5551,adventure 
27365,drama 
25002,crime 
33173,drama 
22539,comedy 
31759,romance 
25777,crime 
3236,adventure 
5018,adventure 
8402,romance 
10472,western 
5216,crime 
8973,horror 
9195,comedy 
12708,drama 
16746,comedy 
23965,romance 
4459,drama 
34865,drama 
22473,drama 
18636,comedy 
17231,romance 
14095,thriller 
15113,horror 
4290,comedy 
11145,crime 
12881,horror 
8972,drama 
14747,horror 
6683,thriller 
3600,thriller 
22588,western 
11413,drama 
21745,adventure 
32310,drama 
20453,drama 
26417,horror 
22731,drama 
10842,comedy 
19049,drama 
3570,comedy 
19276,adventure 
9817,drama 
13690,adventure 
21031,horror 
12193,horror 
5360,horror 
15002,comedy 
14016,horror 
15060,drama 
28701,drama 
22180,crime 
19919,horror 
16631,drama 
19014,adventure 
8671,horror 
20213,adventure 
11388,drama 
8622,drama 
33722,adventure 
20193,thriller 
19966,thriller 
10886,romance 
8563,horror 
32219,romance 
3590,drama 
11309,drama 
16163,romance 
14608,thriller 
8618,comedy 
19538,thriller 
18877,horror 
18949,drama 
9425,thriller 
12957,comedy 
5653,adventure 
18942,horror 
18802,thriller 
20610,drama 
13948,western 
5113,thriller 
11457,horror 
16465,thriller 
5100,horror 
18038,drama 
8070,drama 
9196,thriller 
23658,drama 
16960,adventure 
18844,horror 
21741,horror 
10510,adventure 
12644,adventure 
10551,comedy 
5997,romance 
17117,horror 
17387,crime 
5800,adventure 
23364,adventure 
21514,drama 
32102,romance 
32456,crime 
28556,drama 
32104,romance 
8013,adventure 
12651,horror 
18983,comedy 
18602,crime 
20814,comedy 
13381,thriller 
11980,adventure 
9738,horror 
28672,romance 
25638,drama 
24825,romance 
18920,crime 
28104,drama 
9913,horror 
32600,romance 
19770,western 
10513,thriller 
6564,thriller 
12372,western 
5993,drama 
10401,drama 
10079,drama 
9698,horror 
10569,thriller 
6163,comedy 
32287,adventure 
14659,adventure 
18869,drama 
19424,adventure 
28167,adventure 
25686,horror 
17341,comedy 
9569,comedy 
11899,drama 
12497,comedy 
22498,drama 
16511,comedy 
18624,romance 
24860,romance 
9268,drama 
15606,horror 
20393,drama 
18892,drama 
12719,adventure 
13983,adventure 
13447,drama 
7347,crime 
11461,horror 
13501,comedy 
16519,horror 
14458,drama 
11399,horror 
24062,drama 
32673,romance 
24872,crime 
33629,adventure 
22978,adventure 
14522,horror 
34130,horror 
30643,adventure 
22335,comedy 
3925,comedy 
33021,drama 
23760,romance 
5850,comedy 
30746,comedy 
12700,thriller 
3576,western 
30790,romance 
5288,horror 
20464,drama 
18694,adventure 
20147,adventure 
10502,adventure 
30689,romance 
10118,thriller 
19449,drama 
17659,comedy 
16170,comedy 
14744,comedy 
4036,western 
25221,romance 
12788,romance 
9765,drama 
8585,horror 
19245,romance 
15297,western 
16179,comedy 
32620,romance 
6540,comedy 
8155,drama 
30870,horror 
11106,horror 
14416,crime 
30836,adventure 
8212,horror 
32396,comedy 
9204,horror 
13400,horror 
16605,comedy 
3561,adventure 
10259,comedy 
15843,drama 
6742,drama 
31186,romance 
12090,romance 
19333,thriller 
19585,horror 
12512,thriller 
5587,crime 
28534,comedy 
8977,comedy 
9280,adventure 
3904,horror 
14636,horror 
12536,horror 
11518,drama 
14848,thriller 
15180,crime 
31402,drama 
22188,crime 
10904,drama 
3247,comedy 
12586,adventure 
17753,drama 
8919,crime 
5331,adventure 
19281,crime 
22878,horror 
11425,horror 
12147,thriller 
3577,drama 
15313,thriller 
9833,horror 
6997,drama 
17775,horror 
26280,romance 
4510,crime 
27453,romance 
22045,romance 
12873,horror 
21769,adventure 
3364,adventure 
8345,thriller 
7840,horror 
28384,drama 
22382,comedy 
33594,crime 
20553,horror 
15741,drama 
33731,adventure 
24158,romance 
15306,adventure 
25677,romance 
25900,crime 
19112,crime 
20704,thriller 
12865,horror 
15956,comedy 
6062,romance 
18825,drama 
14026,horror 
7666,western 
28240,drama 
24835,crime 
31240,horror 
31221,romance 
6872,comedy 
23703,horror 
10062,drama 
19717,western 
7093,western 
6620,comedy 
26655,thriller 
23793,drama 
12936,horror 
15189,thriller 
26066,romance 
19653,crime 
6691,western 
13096,thriller 
27444,romance 
16592,crime 
12748,thriller 
16427,comedy 
24866,horror 
3572,romance 
15802,drama 
32804,drama 
10015,thriller 
12454,comedy 
24039,drama 
15319,comedy 
4288,comedy 
10752,adventure 
8829,adventure 
12128,thriller 
23912,drama 
8672,horror 
17839,adventure 
4941,comedy 
13007,drama 
26662,comedy 
17943,drama 
19893,adventure 
5405,comedy 
26991,adventure 
6153,crime 
14683,comedy 
15223,comedy 
10984,western 
21059,comedy 
5125,comedy 
3903,adventure 
9550,adventure 
12078,horror 
31642,romance 
26955,adventure 
27558,romance 
28181,romance 
3982,romance 
19793,romance 
7635,horror 
4487,comedy 
11872,thriller 
16260,thriller 
13973,adventure 
4470,horror 
25746,horror 
7122,thriller 
15169,thriller 
8080,adventure 
21860,western 
9147,drama 
16177,thriller 
19682,horror 
8436,drama 
32384,romance 
13318,drama 
20963,drama 
11836,adventure 
17253,comedy 
11904,thriller 
11740,comedy 
3526,comedy 
24781,romance 
8143,horror 
28535,romance 
14400,drama 
16942,horror 
17968,romance 
10589,thriller 
11053,adventure 
12326,comedy 
13641,horror 
13821,horror 
10666,drama 
30793,romance 
27321,romance 
16934,horror 
20580,thriller 
19674,western 
19877,adventure 
25904,horror 
24012,romance 
13059,adventure 
7805,romance 
8037,drama 
7549,romance 
10124,crime 
11276,crime 
34510,thriller 
26112,comedy 
22580,drama 
34173,adventure 
20536,drama 
8250,crime 
17826,thriller 
4231,horror 
23929,romance 
7035,thriller 
32740,romance 
32700,romance 
3294,drama 
20476,drama 
32628,romance 
18867,comedy 
16404,comedy 
5108,crime 
14283,drama 
10192,comedy 
8893,comedy 
11791,thriller 
22417,horror 
17700,drama 
15523,comedy 
12863,drama 
14875,thriller 
6093,adventure 
6085,horror 
7798,drama 
8139,adventure 
12308,western 
19444,drama 
6993,adventure 
6154,horror 
7023,romance 
4944,drama 
30619,drama 
16564,drama 
14954,horror 
32372,romance 
13795,drama 
12738,drama 
4026,horror 
21979,crime 
4530,crime 
9783,horror 
15018,horror 
9523,crime 
19849,comedy 
5245,adventure 
25062,thriller 
11932,drama 
13675,thriller 
11456,horror 
34822,crime 
8822,adventure 
4746,drama 
13512,horror 
3978,comedy 
12769,romance 
14572,horror 
12030,horror 
19326,drama 
21079,comedy 
12358,drama 
5604,comedy 
32333,drama 
19830,romance 
16518,thriller 
7254,horror 
7128,crime 
20648,adventure 
9291,horror 
9401,comedy 
33290,horror 
26028,romance 
8752,comedy 
16637,horror 
9925,horror 
5911,drama 
32892,adventure 
12689,crime 
34312,drama 
6525,western 
4546,adventure 
14591,comedy 
6920,thriller 
23741,horror 
21712,horror 
10152,comedy 
10650,horror 
7429,drama 
7475,drama 
4264,romance 
32493,romance 
5032,horror 
26787,thriller 
13857,drama 
9462,thriller 
17949,crime 
11785,horror 
3809,drama 
22050,adventure 
25835,horror 
14087,crime 
16199,drama 
11928,thriller 
5498,drama 
32118,romance 
3307,western 
18992,adventure 
10918,crime 
17610,drama 
28593,drama 
24019,romance 
15302,drama 
20656,comedy 
34829,crime 
12791,comedy 
14684,romance 
10970,horror 
11902,adventure 
11817,thriller 
6508,adventure 
5828,adventure 
17984,drama 
10100,horror 
9165,comedy 
19695,drama 
19663,drama 
6752,thriller 
28339,romance 
5873,comedy 
19720,adventure 
9209,horror 
17972,drama 
11256,romance 
6031,western 
12010,thriller 
12704,comedy 
19213,drama 
19358,crime 
20810,thriller 
17377,adventure 
21915,horror 
7741,thriller 
20080,drama 
13943,horror 
34818,romance 
32187,romance 
6963,comedy 
19436,drama 
8462,drama 
5080,horror 
5743,comedy 
13951,comedy 
7365,comedy 
28456,drama 
19588,crime 
17697,comedy 
25516,romance 
26012,western 
3498,horror 
23246,horror 
6541,drama 
32159,comedy 
19911,crime 
13558,comedy 
11481,horror 
24529,romance 
8660,crime 
10840,adventure 
27016,horror 
13120,horror 
22475,drama 
17306,comedy 
8111,adventure 
14432,comedy 
18910,horror 
3324,horror 
17875,thriller 
25235,romance 
25089,romance 
16248,drama 
15565,comedy 
11353,romance 
13215,drama 
9278,adventure 
24776,romance 
4296,adventure 
15833,adventure 
25913,crime 
26367,romance 
9797,comedy 
7878,horror 
18946,horror 
4737,western 
4418,adventure 
21819,crime 
16985,thriller 
3384,crime 
5905,adventure 
20489,drama 
11645,adventure 
4597,drama 
16792,romance 
13712,drama 
21012,comedy 
5974,western 
4249,horror 
12768,horror 
18703,comedy 
13157,adventure 
10454,drama 
31263,romance 
19135,crime 
6456,comedy 
13524,drama 
32566,romance 
32614,adventure 
26671,romance 
9219,comedy 
22295,comedy 
10016,adventure 
7914,crime 
18026,crime 
5878,western 
24085,drama 
17725,horror 
13158,thriller 
19514,drama 
4020,drama 
9140,western 
20691,thriller 
10475,thriller 
5887,drama 
28445,crime 
33735,romance 
17584,crime 
26719,thriller 
31420,adventure 
20194,comedy 
15171,horror 
22119,romance 
30743,thriller 
3667,horror 
14921,drama 
34152,drama 
28482,drama 
2995,romance 
11035,horror 
11328,horror 
33310,horror 
24850,thriller 
6825,comedy 
15219,drama 
12590,horror 
4331,western 
18895,comedy 
11100,adventure 
11830,comedy 
21966,comedy 
17811,drama 
7428,comedy 
17001,thriller 
25217,romance 
4643,crime 
13022,comedy 
24009,crime 
26924,thriller 
32699,romance 
4875,romance 
7578,drama 
22098,western 
11471,comedy 
13151,comedy 
10207,drama 
3854,romance 
6214,crime 
8925,adventure 
9283,adventure 
19310,western 
16031,comedy 
26879,thriller 
15662,comedy 
34186,drama 
10829,drama 
20921,horror 
28081,adventure 
11496,horror 
12611,drama 
4568,comedy 
28343,drama 
6520,western 
5084,western 
9381,horror 
22223,romance 
17885,drama 
27400,drama 
10961,western 
14582,adventure 
8964,drama 
8674,thriller 
4040,adventure 
8710,comedy 
14598,drama 
28100,romance 
32473,romance 
12052,comedy 
28736,horror 
20103,comedy 
20625,drama 
22603,thriller 
17963,thriller 
28708,romance 
5898,western 
15624,comedy 
13274,adventure 
11781,drama 
17993,romance 
13475,comedy 
5480,horror 
12077,adventure 
32173,adventure 
24959,crime 
6128,adventure 
16767,adventure 
9705,thriller 
7550,comedy 
8613,adventure 
20303,crime 
3829,adventure 
26632,drama 
20780,comedy 
7311,adventure 
18959,adventure 
7197,comedy 
7671,adventure 
14555,comedy 
20130,romance 
19228,comedy 
28678,western 
21046,drama 
31331,drama 
18965,drama 
6347,romance 
13112,horror 
26058,crime 
9456,comedy 
4736,adventure 
31553,comedy 
30612,romance 
11714,adventure 
19106,thriller 
30782,drama 
9946,horror 
5684,adventure 
19215,western 
22450,romance 
8131,crime 
11437,horror 
19455,drama 
4846,western 
28096,romance 
13597,horror 
32535,romance 
24998,thriller 
33705,horror 
6985,comedy 
11180,drama 
24780,horror 
20179,romance 
9148,adventure 
11705,drama 
7945,drama 
16894,horror 
5934,comedy 
32393,adventure 
16867,horror 
31582,romance 
5552,adventure 
9789,adventure 
31118,romance 
12682,drama 
8332,drama 
15457,comedy 
13486,thriller 
22513,adventure 
20012,drama 
12041,romance 
13211,drama 
19994,western 
4889,adventure 
26950,western 
6415,comedy 
7772,crime 
12718,drama 
26899,drama 
15832,comedy 
26687,drama 
6018,horror 
20309,adventure 
31393,comedy 
4966,adventure 
17539,western 
9376,drama 
22935,crime 
12988,comedy 
15112,thriller 
31636,romance 
6365,western 
28156,romance 
11664,drama 
19492,comedy 
30881,drama 
32094,romance 
20609,drama 
20480,crime 
12674,thriller 
4707,horror 
7115,western 
6287,thriller 
3697,crime 
20804,horror 
18596,adventure 
8751,horror 
5610,thriller 
16995,comedy 
12340,adventure 
19363,drama 
3019,romance 
6913,adventure 
12969,comedy 
4226,romance 
22784,drama 
28821,comedy 
20019,drama 
32724,romance 
22550,drama 
24031,drama 
21770,drama 
21841,drama 
24878,crime 
22453,drama 
28251,crime 
32203,comedy 
15525,thriller 
14837,comedy 
16127,comedy 
23998,romance 
26656,romance 
19552,thriller 
22236,adventure 
3894,horror 
30748,romance 
13225,comedy 
13216,thriller 
20845,thriller 
32489,horror 
3035,adventure 
20839,thriller 
5420,comedy 
17490,drama 
19113,drama 
6797,adventure 
5469,drama 
3076,adventure 
5050,romance 
31615,romance 
6760,adventure 
22391,crime 
7790,crime 
31577,drama 
8598,adventure 
24759,romance 
3601,drama 
8850,adventure 
7556,horror 
17045,horror 
32205,romance 
26664,comedy 
8798,adventure 
20563,romance 
31164,romance 
6229,adventure 
12646,drama 
30789,romance 
6885,crime 
13366,comedy 
4984,western 
5462,romance 
9922,horror 
7731,horror 
6123,western 
17975,drama 
23228,horror 
3200,western 
16366,thriller 
20706,drama 
31632,romance 
17882,drama 
7528,comedy 
10750,drama 
3805,comedy 
32836,adventure 
12351,adventure 
10494,adventure 
9309,adventure 
9605,horror 
32403,crime 
4058,romance 
4801,adventure 
20859,crime 
10009,drama 
7434,crime 
9222,drama 
19200,crime 
28599,horror 
26799,western 
18749,adventure 
7663,adventure 
4085,crime 
18903,comedy 
13565,comedy 
6886,adventure 
10228,comedy 
16731,adventure 
25586,horror 
20203,drama 
7618,thriller 
21922,drama 
9395,drama 
23933,comedy 
8577,adventure 
4894,crime 
4627,adventure 
25237,drama 
12402,adventure 
17681,drama 
32380,romance 
12433,comedy 
30724,drama 
15712,horror 
32120,romance 
15071,comedy 
5589,horror 
25337,horror 
6173,adventure 
30617,crime 
3418,romance 
28595,thriller 
12498,drama 
8571,comedy 
3222,drama 
20097,romance 
28273,romance 
15424,horror 
23245,romance 
17473,horror 
3462,crime 
14025,drama 
3918,crime 
20556,adventure 
27368,romance 
19357,horror 
14468,adventure 
13218,drama 
7797,comedy 
22181,drama 
18632,comedy 
9749,comedy 
6595,comedy 
9590,horror 
10876,western 
27010,western 
15563,comedy 
4484,comedy 
13660,adventure 
12472,drama 
19780,comedy 
31781,comedy 
6277,horror 
25072,romance 
24877,romance 
32708,romance 
23317,horror 
9208,crime 
10806,adventure 
31556,romance 
28843,romance 
19391,thriller 
17998,romance 
23975,drama 
15711,romance 
23664,adventure 
19334,adventure 
16317,romance 
5157,adventure 
19645,crime 
18713,crime 
12397,horror 
27490,drama 
32321,crime 
22903,drama 
23402,horror 
10576,horror 
8817,western 
25076,romance 
10763,horror 
14028,horror 
2994,western 
5490,western 
25979,romance 
4242,horror 
7238,drama 
20748,romance 
12019,adventure 
13640,horror 
12192,thriller 
9617,thriller 
15388,drama 
9808,western 
13603,romance 
20542,thriller 
20391,drama 
20697,horror 
32113,romance 
14903,drama 
23890,western 
9924,adventure 
8996,western 
15649,thriller 
24091,horror 
4672,crime 
6581,crime 
19461,thriller 
12392,adventure 
3650,horror 
6782,comedy 
17942,drama 
32201,romance 
21865,drama 
17656,comedy 
6737,crime 
12452,horror 
25662,horror 
19037,thriller 
4780,horror 
26272,horror 
17615,drama 
19110,comedy 
15895,romance 
6454,crime 
12640,comedy 
20062,horror 
10885,horror 
11699,comedy 
22247,comedy 
23243,drama 
23888,crime 
12127,crime 
27402,drama 
19723,western 
7463,comedy 
17765,comedy 
16369,comedy 
22955,drama 
23273,drama 
13762,comedy 
19420,drama 
20971,horror 
10013,drama 
13654,comedy 
13162,horror 
24885,romance 
5721,romance 
30819,adventure 
8317,comedy 
10460,comedy 
19360,adventure 
14270,drama 
16083,drama 
10426,horror 
14512,adventure 
34342,romance 
25658,romance 
3344,romance 
31158,drama 
32638,drama 
11239,western 
12122,drama 
3666,crime 
24793,drama 
22397,horror 
5766,comedy 
4921,adventure 
7396,comedy 
14128,horror 
13348,horror 
31178,horror 
6601,horror 
10419,horror 
12386,adventure 
13582,adventure 
11375,romance 
8589,romance 
13590,crime 
12478,comedy 
5011,romance 
10059,romance 
10209,horror 
5915,romance 
3230,horror 
20479,comedy 
13514,comedy 
19423,thriller 
32589,adventure 
31386,comedy 
12468,comedy 
3368,comedy 
19439,adventure 
28805,drama 
19579,drama 
16635,crime 
30866,comedy 
22445,crime 
4273,romance 
17955,drama 
7220,comedy 
11678,drama 
10076,adventure 
25953,horror 
17330,drama 
12461,comedy 
12496,adventure 
19607,horror 
12404,crime 
10384,horror 
4720,comedy 
17062,adventure 
18856,drama 
13593,thriller 
4891,western 
31052,drama 
24115,horror 
16730,thriller 
13072,comedy 
5972,horror 
13981,comedy 
18891,crime 
5349,adventure 
3106,romance 
7588,horror 
9736,adventure 
7712,horror 
20349,horror 
9666,crime 
33363,drama 
6970,drama 
19879,horror 
28716,drama 
10632,adventure 
32110,comedy 
28709,drama 
16711,adventure 
25748,horror 
3645,romance 
16740,thriller 
17883,drama 
6033,horror 
5875,drama 
26753,adventure 
17951,drama 
26811,drama 
16963,thriller 
13337,drama 
11294,thriller 
15505,thriller 
25985,horror 
15229,adventure 
28073,thriller 
7547,horror 
10485,adventure 
7183,drama 
33569,drama 
4310,comedy 
34824,crime 
13219,western 
11927,adventure 
13433,horror 
4113,horror 
8048,crime 
22126,adventure 
24185,drama 
19624,horror 
26123,horror 
11327,western 
14301,comedy 
13374,adventure 
8429,western 
30650,thriller 
16324,crime 
17511,thriller 
7360,romance 
17767,drama 
11598,adventure 
4088,thriller 
6758,western 
14178,adventure 
17807,adventure 
18872,drama 
28540,romance 
32374,horror 
33998,drama 
13869,comedy 
27093,comedy 
20577,comedy 
10339,horror 
21748,crime 
19125,comedy 
7621,crime 
15486,horror 
20508,western 
26426,adventure 
6330,horror 
19069,crime 
20108,drama 
11957,romance 
12592,drama 
15675,thriller 
7224,horror 
19630,horror 
12469,drama 
32305,romance 
12800,adventure 
21855,drama 
26995,drama 
10862,horror 
19955,drama 
10283,comedy 
7412,adventure 
21055,thriller 
33698,drama 
23844,horror 
21039,horror 
19176,drama 
7271,western 
28114,drama 
6524,drama 
8685,adventure 
26822,romance 
3196,horror 
19521,adventure 
28150,thriller 
3207,comedy 
21069,thriller 
30855,horror 
19109,crime 
20076,drama 
17027,thriller 
27447,thriller 
26697,comedy 
3069,horror 
32408,romance 
4356,thriller 
11380,comedy 
28353,drama 
21088,horror 
24306,romance 
17844,thriller 
6879,adventure 
28481,adventure 
3907,romance 
22937,romance 
18940,romance 
11168,drama 
13257,horror 
32221,romance 
20467,horror 
17429,drama 
4437,horror 
15194,crime 
27370,romance 
4451,horror 
15198,romance 
3164,comedy 
25131,horror 
8193,adventure 
14503,comedy 
23869,comedy 
21409,western 
23570,horror 
4655,horror 
21797,crime 
12063,adventure 
20169,drama 
15888,horror 
6670,romance 
7353,western 
9265,thriller 
14638,drama 
6638,adventure 
20449,drama 
28414,adventure 
11171,adventure 
20634,drama 
32390,romance 
10390,adventure 
14715,comedy 
4835,comedy 
8217,thriller 
25814,thriller 
12903,drama 
22161,thriller 
3754,romance 
11588,drama 
11720,comedy 
20965,thriller 
17912,horror 
13437,drama 
8383,comedy 
11859,crime 
13955,thriller 
24036,drama 
13260,thriller 
12490,horror 
24763,adventure 
14212,adventure 
21935,horror 
4182,comedy 
12851,drama 
11387,horror 
17937,horror 
19101,adventure 
15496,horror 
17940,western 
9473,comedy 
26791,comedy 
23883,romance 
4241,crime 
16803,horror 
10230,comedy 
23621,drama 
10741,adventure 
5305,crime 
4729,drama 
11695,adventure 
10097,drama 
25978,romance 
32212,drama 
11027,horror 
10280,western 
19567,crime 
14745,horror 
32570,horror 
20436,comedy 
19640,crime 
25982,romance 
6070,crime 
14492,comedy 
33678,drama 
25894,horror 
5885,horror 
11267,adventure 
5688,comedy 
10111,comedy 
9368,thriller 
15003,horror 
14140,comedy 
5247,comedy 
3051,adventure 
16941,drama 
3058,thriller 
15323,crime 
19428,drama 
6548,romance 
12237,thriller 
10625,horror 
11573,horror 
6799,adventure 
5563,horror 
8144,horror 
25402,adventure 
20346,adventure 
3212,western 
27469,drama 
4659,horror 
12572,thriller 
3687,horror 
9854,adventure 
28597,romance 
26016,romance 
16230,horror 
32284,romance 
17835,thriller 
9352,romance 
20956,drama 
12940,comedy 
28281,romance 
24023,romance 
10373,adventure 
6624,western 
11434,comedy 
8330,crime 
15470,drama 
19833,adventure 
3788,comedy 
4159,crime 
9599,horror 
3558,horror 
22483,thriller 
11056,crime 
8747,thriller 
20678,drama 
12286,thriller 
9874,thriller 
4703,crime 
25141,drama 
20124,horror 
8693,comedy 
6084,thriller 
15900,thriller 
12324,horror 
16929,horror 
28590,adventure 
18014,adventure 
12382,thriller 
22492,western 
32072,romance 
16284,comedy 
5706,crime 
16289,thriller 
22541,crime 
11732,horror 
3168,crime 
32780,romance 
5298,western 
6926,drama 
32532,romance 
10993,horror 
7454,adventure 
20055,drama 
9371,thriller 
11596,romance 
28065,western 
8135,western 
14789,comedy 
12491,comedy 
7288,drama 
10418,horror 
20394,romance 
15234,horror 
26954,western 
6630,romance 
7042,drama 
4733,western 
13068,adventure 
11636,western 
7530,crime 
24874,romance 
17911,comedy 
22940,romance 
12727,drama 
18689,comedy 
18970,comedy 
25299,drama 
5742,crime 
8807,horror 
28062,thriller 
7933,crime 
19569,romance 
13823,comedy 
13467,comedy 
4428,comedy 
19927,romance 
25155,romance 
13295,adventure 
31370,romance 
13155,drama 
19417,western 
10437,adventure 
18577,comedy 
12831,horror 
12974,thriller 
31547,romance 
5813,horror 
32234,comedy 
7923,drama 
21017,adventure 
19282,romance 
32109,romance 
16568,horror 
9840,crime 
6063,western 
23194,adventure 
22152,comedy 
8651,western 
4095,crime 
12578,adventure 
5494,horror 
32354,romance 
8418,adventure 
26157,horror 
13672,drama 
13726,horror 
5174,horror 
3824,adventure 
13331,drama 
24069,romance 
7282,romance 
24945,crime 
18719,drama 
4995,horror 
6633,comedy 
3073,western 
18878,comedy 
18987,crime 
9282,drama 
16232,thriller 
4465,comedy 
30611,romance 
8658,crime 
12990,adventure 
10211,horror 
7698,horror 
5924,horror 
12176,adventure 
32650,romance 
19527,horror 
15266,thriller 
20403,comedy 
6887,comedy 
16150,horror 
3584,comedy 
9433,adventure 
16737,horror 
14599,comedy 
15546,adventure 
8606,crime 
9415,thriller 
33282,horror 
14528,comedy 
11666,comedy 
7226,crime 
10937,horror 
31561,comedy 
20433,horror 
4695,adventure 
24789,drama 
11743,comedy 
19301,romance 
20211,adventure 
5169,romance 
34843,drama 
19721,adventure 
21406,drama 
32407,romance 
19980,western 
13975,thriller 
32846,drama 
7566,horror 
26260,comedy 
17760,drama 
26470,drama 
31703,romance 
20280,horror 
21802,adventure 
3970,drama 
3338,western 
16165,adventure 
33666,adventure 
4694,adventure 
18846,drama 
33733,crime 
4131,adventure 
32896,adventure 
8507,western 
24566,romance 
10202,drama 
19687,adventure 
8030,thriller 
15168,adventure 
19760,western 
3221,romance 
26049,romance 
12574,thriller 
34299,drama 
12240,adventure 
4067,romance 
12438,adventure 
16245,horror 
8201,romance 
9883,crime 
13030,comedy 
9995,horror 
12833,horror 
16710,thriller 
9636,romance 
32179,romance 
20219,horror 
7387,drama 
28259,comedy 
17987,drama 
14742,comedy 
5747,drama 
26045,comedy 
12730,drama 
13308,comedy 
11630,adventure 
14712,adventure 
13865,comedy 
16485,horror 
15532,drama 
6940,horror 
15030,comedy 
8322,comedy 
26762,romance 
21096,adventure 
22081,thriller 
8008,western 
17799,crime 
14687,horror 
19675,comedy 
11958,thriller 
14480,drama 
10907,drama 
13518,thriller 
25840,romance 
26037,thriller 
7106,western 
17554,horror 
17041,thriller 
7563,drama 
8617,crime 
4874,western 
13322,horror 
19491,horror 
16774,comedy 
11762,comedy 
9816,romance 
8761,horror 
28885,drama 
6965,western 
17498,western 
12214,thriller 
7989,drama 
32525,drama 
19488,comedy 
13708,horror 
8194,crime 
12744,romance 
6706,comedy 
6759,crime 
11422,horror 
5172,comedy 
13711,western 
34853,drama 
27315,romance 
15827,drama 
4332,horror 
12755,horror 
16193,comedy 
32471,horror 
12040,thriller 
19654,romance 
32613,horror 
34492,thriller 
6537,horror 
20207,crime 
12594,comedy 
9905,thriller 
33289,horror 
10873,drama 
32733,horror 
11680,comedy 
5700,western 
22535,crime 
11318,drama 
9707,drama 
32452,romance 
14139,horror 
17632,adventure 
17692,thriller 
13292,thriller 
14976,comedy 
12352,crime 
10017,crime 
14429,comedy 
5825,western 
17599,thriller 
7303,horror 
7992,adventure 
5444,western 
3180,romance 
5248,horror 
11389,thriller 
26418,romance 
25166,romance 
7890,romance 
10808,drama 
7903,drama 
20948,horror 
25466,romance 
25083,adventure 
13860,horror 
9882,horror 
34195,romance 
13143,adventure 
19807,romance 
7735,comedy 
19545,comedy 
32389,drama 
5127,western 
13413,comedy 
9289,comedy 
9699,drama 
12373,comedy 
15031,horror 
7034,thriller 
26259,drama 
24794,crime 
20849,thriller 
20037,adventure 
32646,adventure 
5987,adventure 
12026,drama 
6485,comedy 
4227,romance 
12024,drama 
8029,romance 
7869,romance 
21839,crime 
18924,western 
34860,drama 
32300,romance 
18822,drama 
11097,comedy 
15206,comedy 
5975,comedy 
4604,horror 
9545,horror 
16922,adventure 
12553,drama 
26900,romance 
12138,thriller 
28050,romance 
7956,drama 
4954,comedy 
19992,thriller 
12670,romance 
31096,western 
7944,drama 
33528,adventure 
6009,drama 
4817,crime 
22327,crime 
18981,drama 
15352,thriller 
7633,comedy 
15909,thriller 
30705,horror 
12931,horror 
28334,romance 
19294,crime 
20747,drama 
7570,comedy 
22091,drama 
19535,adventure 
11667,comedy 
15092,adventure 
6684,drama 
25070,romance 
18650,drama 
21911,crime 
25830,romance 
31439,thriller 
5889,horror 
19546,western 
30645,drama 
6880,adventure 
3876,comedy 
27428,drama 
11979,crime 
28772,drama 
8092,comedy 
14445,comedy 
12826,adventure 
23953,romance 
9906,crime 
8956,thriller 
30744,crime 
7119,horror 
10875,drama 
12500,romance 
7461,crime 
5467,romance 
8843,thriller 
13688,adventure 
5702,romance 
19042,romance 
13243,horror 
19462,drama 
11105,adventure 
15275,thriller 
4166,romance 
9604,comedy 
7919,horror 
7542,adventure 
8094,drama 
19865,horror 
15826,drama 
10738,drama 
17878,crime 
18585,drama 
20940,romance 
13270,drama 
27517,horror 
28873,drama 
20439,western 
8581,romance 
12923,horror 
8164,thriller 
16328,comedy 
8368,crime 
15481,romance 
24845,romance 
32459,thriller 
19220,crime 
32070,comedy 
8620,adventure 
24184,thriller 
3084,romance 
12549,western 
32170,horror 
15508,thriller 
19694,adventure 
14887,drama 
32814,romance 
4841,crime 
6533,drama 
34048,horror 
17436,drama 
14871,drama 
3800,western 
5382,comedy 
7416,thriller 
13380,horror 
11336,comedy 
17996,romance 
16644,thriller 
22733,drama 
3322,comedy 
7909,comedy 
18930,crime 
32174,romance 
16267,adventure 
16412,thriller 
15093,comedy 
3415,crime 
33241,drama 
7859,horror 
24875,thriller 
7433,drama 
24007,thriller 
32339,horror 
3027,comedy 
14460,comedy 
7647,western 
28464,drama 
14552,thriller 
20524,comedy 
26269,comedy 
18601,adventure 
7757,comedy 
10386,adventure 
13463,horror 
19862,romance 
12362,adventure 
32409,romance 
27420,romance 
20423,horror 
3315,romance 
34874,drama 
21926,drama 
20345,adventure 
5255,adventure 
28138,romance 
17352,thriller 
16897,thriller 
10435,adventure 
32099,romance 
16581,horror 
26024,romance 
6143,thriller 
11651,adventure 
7127,crime 
13131,horror 
5470,horror 
4523,drama 
17784,crime 
16727,horror 
4144,crime 
5234,adventure 
7592,thriller 
7571,comedy 
16769,horror 
17935,drama 
12924,horror 
34524,comedy 
10028,horror 
6836,comedy 
26103,adventure 
9739,horror 
8657,drama 
24788,drama 
33426,thriller 
9652,drama 
20989,drama 
6424,western 
20821,comedy 
14107,crime 
30731,romance 
12309,crime 
4172,adventure 
14981,horror 
12100,horror 
27058,romance 
24043,romance 
3869,horror 
5005,drama 
5429,thriller 
8034,western 
3088,comedy 
32843,romance 
11784,horror 
19076,adventure 
33114,drama 
5254,comedy 
22305,thriller 
8364,adventure 
20053,romance 
34121,drama 
7851,horror 
8869,crime 
33809,adventure 
27398,drama 
26642,romance 
28124,thriller 
5155,drama 
13901,drama 
13683,thriller 
31659,romance 
11572,crime 
25654,horror 
25642,horror 
8284,adventure 
6386,comedy 
13608,comedy 
21964,comedy 
32982,thriller 
8941,adventure 
7089,western 
31682,crime 
13285,comedy 
6528,adventure 
31166,romance 
32215,romance 
32202,romance 
30840,romance 
13224,western 
11446,horror 
8128,western 
28207,drama 
11511,comedy 
22989,romance 
20268,thriller 
17296,adventure 
4960,drama 
3714,romance 
20725,drama 
32290,horror 
10345,drama 
7680,comedy 
12632,thriller 
19075,thriller 
21874,thriller 
19688,thriller 
17619,crime 
8044,comedy 
22239,comedy 
16747,comedy 
19474,horror 
17638,drama 
13829,horror 
28512,drama 
3581,adventure 
27017,drama 
25242,horror 
23229,crime 
9863,comedy 
14880,drama 
4311,drama 
6580,adventure 
6949,drama 
10048,horror 
30715,romance 
3008,romance 
17201,drama 
4620,western 
3605,horror 
6177,horror 
17075,adventure 
13924,comedy 
18956,crime 
14071,comedy 
13671,horror 
14510,comedy 
7165,thriller 
17891,drama 
6694,western 
19412,horror 
26927,romance 
31442,comedy 
19707,drama 
17992,drama 
24811,romance 
33384,comedy 
17868,adventure 
16255,horror 
12884,comedy 
30844,romance 
11862,drama 
5461,western 
34078,comedy 
17282,drama 
9179,thriller 
22438,adventure 
17717,western 
19251,romance 
26985,drama 
18780,comedy 
14006,adventure 
19390,drama 
15703,romance 
6251,drama 
34015,thriller 
4940,adventure 
15397,horror 
18641,western 
33361,comedy 
11484,adventure 
6107,crime 
11567,drama 
14437,thriller 
15852,thriller 
14614,adventure 
30688,romance 
23610,drama 
32085,romance 
12559,adventure 
11219,drama 
12889,drama 
10778,horror 
14387,adventure 
11889,drama 
12885,adventure 
5591,horror 
4901,horror 
16647,western 
17022,comedy 
6055,drama 
18916,horror 
19563,thriller 
19202,crime 
16890,horror 
13907,thriller 
3843,western 
13419,horror 
9227,thriller 
19085,horror 
16563,comedy 
32826,drama 
9466,horror 
10221,drama 
32805,romance 
7582,thriller 
7644,adventure 
19914,drama 
19196,drama 
19661,comedy 
23217,adventure 
13818,adventure 
13443,drama 
20183,adventure 
4289,horror 
18664,thriller 
22162,drama 
24892,drama 
21035,drama 
32833,romance 
13287,adventure 
11317,horror 
34491,horror 
13880,thriller 
22457,drama 
5361,romance 
20957,comedy 
9403,horror 
5937,adventure 
3107,romance 
10430,horror 
6711,comedy 
28823,drama 
3985,comedy 
20983,thriller 
12504,adventure 
13044,thriller 
14947,horror 
21991,western 
7683,thriller 
19440,western 
33632,comedy 
12384,drama 
26263,romance 
34027,drama 
10335,drama 
20362,horror 
5175,drama 
11366,romance 
16670,drama 
7273,adventure 
8171,horror 
11804,horror 
19244,crime 
6344,thriller 
19627,thriller 
31161,drama 
8566,horror 
10431,horror 
4031,comedy 
13842,adventure 
12299,horror 
16528,crime 
10634,western 
17237,horror 
25191,crime 
11268,horror 
11969,thriller 
11689,horror 
23990,romance 
5912,thriller 
28807,comedy 
10919,horror 
8799,drama 
21785,horror 
34525,crime 
10188,drama 
32583,comedy 
4110,romance 
12195,comedy 
3862,western 
3373,horror 
16140,horror 
6193,drama 
22939,romance 
10530,thriller 
11370,romance 
6899,romance 
7148,horror 
17191,thriller 
9752,drama 
3270,horror 
32166,adventure 
20855,horror 
12031,drama 
9890,adventure 
4804,adventure 
8847,adventure 
20073,western 
28458,romance 
30797,horror 
6557,horror 
19899,thriller 
12581,drama 
5642,western 
11796,comedy 
13281,romance 
18788,romance 
16979,drama 
19593,adventure 
13720,thriller 
16134,drama 
34088,thriller 
22229,comedy 
18816,drama 
3868,comedy 
16982,comedy 
14858,crime 
25061,romance 
19262,thriller 
27050,adventure 
12006,romance 
7436,drama 
11905,horror 
14153,comedy 
9591,horror 
10976,horror 
19560,thriller 
4552,drama 
15778,comedy 
12446,romance 
15375,adventure 
25877,romance 
12526,drama 
22089,adventure 
18035,horror 
17345,comedy 
34119,romance 
20491,horror 
20666,drama 
11968,thriller 
2988,horror 
5633,comedy 
25633,adventure 
16093,horror 
20534,romance 
16713,drama 
26573,romance 
16036,horror 
13135,horror 
14961,thriller 
19011,romance 
28362,romance 
4330,drama 
28415,thriller 
25030,crime 
22386,crime 
31282,romance 
10144,adventure 
30863,romance 
32412,romance 
4796,adventure 
10819,comedy 
6705,crime 
8536,horror 
14141,comedy 
14571,thriller 
26585,crime 
23490,comedy 
7546,romance 
11398,adventure 
18969,romance 
18758,drama 
17594,romance 
23271,adventure 
33043,comedy 
6927,adventure 
22573,drama 
21762,horror 
9814,drama 
7968,drama 
11788,drama 
23968,drama 
17608,drama 
14070,thriller 
28528,romance 
27521,romance 
15743,horror 
24010,horror 
9245,horror 
14580,comedy 
13970,drama 
22748,crime 
11845,drama 
8905,horror 
12561,western 
6605,horror 
7230,romance 
20360,drama 
13601,horror 
32186,romance 
10058,thriller 
18681,western 
19555,adventure 
8043,romance 
23835,drama 
14284,horror 
18805,western 
10360,crime 
6556,crime 
11477,thriller 
9914,drama 
19983,adventure 
7477,drama 
33704,drama 
5719,drama 
20865,thriller 
25705,horror 
9653,drama 
13286,horror 
26145,romance 
32658,drama 
18735,romance 
3116,romance 
20584,western 
16456,comedy 
15423,comedy 
4955,thriller 
23982,crime 
23744,crime 
20361,comedy 
12054,adventure 
9642,drama 
20299,crime 
30784,horror 
5978,crime 
9235,adventure 
12690,comedy 
6984,crime 
19096,thriller 
11702,horror 
13198,horror 
12832,adventure 
25961,horror 
7836,crime 
30777,romance 
15166,drama 
12234,drama 
3154,adventure 
25324,romance 
20630,crime 
6925,crime 
15542,drama 
19497,horror 
32139,romance 
14259,horror 
13996,adventure 
12481,horror 
14287,thriller 
32329,romance 
33600,drama 
6440,western 
4346,crime 
30656,romance 
11891,comedy 
4902,comedy 
16436,romance 
30852,horror 
10490,adventure 
10438,comedy 
12267,horror 
3253,comedy 
27001,horror 
8450,drama 
4527,comedy 
5637,romance 
25263,romance 
32463,romance 
4601,crime 
19486,adventure 
31140,horror 
31623,romance 
8930,horror 
8748,adventure 
14020,comedy 
8055,western 
5570,comedy 
15327,horror 
12360,comedy 
6091,thriller 
22196,drama 
32394,comedy 
13614,drama 
19730,crime 
22595,romance 
30849,romance 
28183,drama 
16594,adventure 
15492,romance 
10684,western 
8152,thriller 
17523,drama 
12631,horror 
17011,horror 
4272,comedy 
13578,horror 
6917,drama 
13277,comedy 
4731,drama 
31599,romance 
11136,comedy 
13755,drama 
26467,romance 
5122,western 
11994,comedy 
9310,comedy 
13695,romance 
9460,drama 
21895,comedy 
16646,comedy 
8157,thriller 
23425,adventure 
5796,crime 
6626,horror 
13307,drama 
31661,romance 
33681,drama 
9382,crime 
16813,adventure 
5983,romance 
32325,romance 
13301,western 
17969,romance 
28071,horror 
3087,drama 
10500,drama 
34001,adventure 
3819,horror 
10231,comedy 
14814,horror 
11015,drama 
13555,horror 
5534,drama 
4866,horror 
34155,western 
14705,adventure 
5483,horror 
16218,drama 
20942,horror 
19787,crime 
8183,horror 
9430,horror 
28591,adventure 
19559,thriller 
7541,horror 
21990,horror 
13859,adventure 
31510,romance 
18875,crime 
19949,thriller 
6089,comedy 
10138,drama 
33689,horror 
12793,horror 
32634,horror 
14029,thriller 
32984,drama 
9269,horror 
25195,romance 
8441,drama 
9849,horror 
5689,drama 
10191,western 
8680,adventure 
5977,thriller 
18848,romance 
13073,horror 
16122,thriller 
4790,romance 
3339,horror 
24026,drama 
6279,western 
20427,romance 
10698,comedy 
33553,drama 
12840,drama 
3631,comedy 
30842,romance 
19533,drama 
20773,adventure 
11126,adventure 
5574,romance 
12155,thriller 
20995,drama 
23240,adventure 
10610,western 
7953,adventure 
4528,horror 
12776,horror 
12860,drama 
17521,crime 
5957,adventure 
22307,adventure 
4370,adventure 
11188,horror 
16955,adventure 
5160,comedy 
8546,romance 
19820,horror 
26729,romance 
9785,comedy 
24824,romance 
28139,romance 
9729,drama 
26593,horror 
8540,adventure 
6024,horror 
18847,drama 
4267,comedy 
6975,western 
21891,romance 
25635,crime 
16011,thriller 
20351,thriller 
31782,romance 
23281,drama 
9480,crime 
11244,comedy 
11213,horror 
18692,drama 
16116,adventure 
3179,comedy 
13163,crime 
4787,drama 
20271,adventure 
20586,comedy 
5443,western 
15567,comedy 
14395,comedy 
32343,crime 
21750,comedy 
31235,comedy 
6442,crime 
20347,drama 
16595,comedy 
20386,horror 
26564,drama 
25683,romance 
14022,drama 
16912,comedy 
5895,crime 
7437,comedy 
5000,adventure 
28048,romance 
15248,thriller 
31617,crime 
9994,thriller 
3571,drama 
12191,drama 
20342,horror 
19077,horror 
5345,crime 
10388,horror 
24535,drama 
14656,adventure 
7462,comedy 
34503,crime 
7590,romance 
6060,adventure 
15621,comedy 
11319,comedy 
23659,drama 
19036,romance 
26847,romance 
25548,romance 
8648,horror 
6592,western 
7686,crime 
15391,crime 
22299,drama 
17689,romance 
15052,adventure 
17044,horror 
11947,drama 
22187,adventure 
20338,drama 
13403,comedy 
14878,thriller 
25275,drama 
8955,comedy 
23962,romance 
4534,adventure 
12599,adventure 
5518,adventure 
26769,horror 
13207,drama 
22333,drama 
14051,comedy 
27406,drama 
11681,romance 
32297,horror 
16661,thriller 
4320,drama 
7411,romance 
26875,adventure 
21100,horror 
7545,comedy 
8355,drama 
30698,romance 
6258,horror 
5523,romance 
16545,drama 
17816,comedy 
19646,crime 
6815,crime 
7293,drama 
32460,comedy 
8004,adventure 
3160,crime 
13816,horror 
32135,horror 
6156,romance 
4711,comedy 
22863,drama 
8760,thriller 
22315,drama 
6726,comedy 
6883,western 
14583,horror 
26354,horror 
8501,comedy 
14800,adventure 
14453,horror 
26685,thriller 
6145,comedy 
33549,romance 
8085,western 
6796,thriller 
9687,horror 
24873,romance 
27371,adventure 
19704,crime 
15908,drama 
21923,drama 
19824,adventure 
11304,drama 
4607,horror 
8865,drama 
20562,horror 
5406,adventure 
24035,adventure 
13971,romance 
28793,romance 
32401,comedy 
19317,horror 
15996,comedy 
12687,horror 
18850,romance 
5945,comedy 
19912,drama 
17660,romance 
18756,drama 
17166,horror 
19329,crime 
5428,horror 
4248,adventure 
21867,thriller 
14226,thriller 
19659,crime 
20751,drama 
31271,comedy 
23817,crime 
22308,western 
6652,crime 
6181,drama 
25326,drama 
19507,horror 
4372,comedy 
24804,romance 
20759,thriller 
23675,drama 
6616,comedy 
20003,adventure 
8295,comedy 
7902,drama 
9220,comedy 
25369,romance 
26914,romance 
10930,drama 
12558,drama 
9247,drama 
14050,romance 
22560,horror 
12627,thriller 
17858,drama 
17974,drama 
7513,romance 
4613,thriller 
28550,thriller 
11787,horror 
21731,drama 
8610,drama 
28157,drama 
16819,drama 
14516,comedy 
10179,crime 
21876,drama 
4931,comedy 
15103,horror 
32119,horror 
12636,adventure 
11528,drama 
4628,thriller 
3796,thriller 
26764,drama 
28233,drama 
14626,horror 
10447,horror 
15269,adventure 
17686,drama 
23398,adventure 
10718,thriller 
13098,drama 
10273,adventure 
30633,romance 
12641,comedy 
13145,comedy 
12215,horror 
27310,romance 
16759,comedy 
25657,crime 
25655,comedy 
16157,drama 
5394,adventure 
3669,comedy 
5590,horror 
16954,thriller 
17897,comedy 
8140,western 
11400,drama 
10002,thriller 
28552,drama 
28706,drama 
30672,horror 
11623,horror 
25597,romance 
30716,romance 
13361,drama 
4447,crime 
16506,horror 
12095,drama 
14164,thriller 
10655,thriller 
11495,comedy 
6037,adventure 
7732,thriller 
21036,western 
3423,comedy 
16472,thriller 
13585,drama 
19401,thriller 
34509,adventure 
7758,romance 
12573,horror 
5861,thriller 
10316,horror 
15951,thriller 
32361,romance 
15392,horror 
27506,comedy 
11620,comedy 
34061,romance 
13390,drama 
18889,thriller 
15105,adventure 
15019,drama 
6444,adventure 
18637,drama 
3097,comedy 
10337,horror 
12568,horror 
5559,adventure 
7065,romance 
15610,comedy 
12029,horror 
27412,drama 
13252,horror 
25584,adventure 
3614,horror 
17770,adventure 
10908,horror 
3158,adventure 
24294,romance 
18957,western 
4602,comedy 
11447,horror 
32195,horror 
12707,horror 
17455,drama 
11098,horror 
23871,comedy 
17016,romance 
10575,comedy 
9297,adventure 
5682,romance 
22250,horror 
14174,romance 
22900,romance 
26580,adventure 
24060,drama 
8853,adventure 
12929,drama 
9570,comedy 
15399,thriller 
13359,comedy 
8740,adventure 
22803,drama 
9438,horror 
14484,comedy 
9262,adventure 
10427,comedy 
22151,crime 
27004,thriller 
9744,horror 
8511,comedy 
16793,thriller 
5819,thriller 
12735,comedy 
15538,adventure 
3780,drama 
13550,adventure 
3045,comedy 
32891,drama 
34844,drama 
5623,drama 
6597,drama 
17207,thriller 
12225,adventure 
32294,romance 
3926,adventure 
12241,horror 
4847,crime 
5372,adventure 
17678,comedy 
32975,crime 
7372,drama 
14496,drama 
16450,adventure 
27565,romance 
10448,horror 
23911,western 
4045,horror 
9544,thriller 
5917,horror 
22268,drama 
10850,adventure 
13450,comedy 
4942,western 
7455,romance 
16909,comedy 
7649,romance 
19088,drama 
6789,adventure 
26653,western 
34845,romance 
13341,horror 
10954,horror 
8246,drama 
3395,adventure 
18573,drama 
34840,adventure 
16804,comedy 
13938,drama 
25626,drama 
9873,horror 
7083,adventure 
34514,adventure 
13744,drama 
17901,drama 
9872,crime 
21931,adventure 
6814,crime 
26973,romance 
19138,romance 
31574,crime 
11965,adventure 
13418,adventure 
19655,crime 
11011,drama 
14527,comedy 
9999,adventure 
11193,drama 
10010,thriller 
12669,horror 
5973,adventure 
28204,thriller 
9805,horror 
16905,adventure 
22294,western 
7760,comedy 
4387,horror 
33094,drama 
22418,drama 
17525,comedy 
16750,horror 
31563,romance 
12739,horror 
27078,romance 
9630,comedy 
4579,crime 
20481,horror 
11793,horror 
13360,thriller 
17303,crime 
26305,romance 
31159,comedy 
7531,adventure 
14708,comedy 
4358,comedy 
32544,romance 
6677,drama 
6911,thriller 
24049,adventure 
20966,drama 
17808,drama 
10217,thriller 
12131,horror 
19375,horror 
19615,drama 
15126,horror 
7075,western 
28825,comedy 
6294,western 
19393,thriller 
9647,comedy 
7815,horror 
15493,comedy 
19341,adventure 
28471,drama 
7352,comedy 
15447,thriller 
11534,thriller 
19580,crime 
12676,adventure 
4952,crime 
20248,horror 
17981,drama 
6110,romance 
10793,thriller 
19932,horror 
19790,drama 
31256,drama 
10342,horror 
6900,adventure 
11619,comedy 
25816,horror 
23754,crime 
6791,comedy 
20982,romance 
4423,crime 
11064,horror 
12039,adventure 
10128,drama 
32549,comedy 
9972,drama 
30858,horror 
24827,romance 
8011,comedy 
13833,western 
23201,horror 
32488,romance 
26844,drama 
16252,horror 
3552,horror 
7068,horror 
26625,comedy 
13935,crime 
3025,comedy 
20226,drama 
10579,horror 
20185,thriller 
22237,drama 
28542,comedy 
13670,adventure 
20469,thriller 
28688,western 
13793,comedy 
6194,western 
22404,crime 
20478,romance 
33040,horror 
4334,western 
17860,crime 
26806,comedy 
7866,comedy 
19512,drama 
31182,romance 
24868,crime 
11587,comedy 
8160,comedy 
34085,drama 
30817,comedy 
8172,comedy 
11677,horror 
30785,romance 
19895,romance 
19470,romance 
6878,thriller 
5159,thriller 
32342,romance 
11771,thriller 
19629,adventure 
24030,drama 
22101,thriller 
11794,comedy 
10075,comedy 
17886,thriller 
12465,adventure 
6547,adventure 
11971,crime 
6288,drama 
31668,crime 
28349,crime 
31192,comedy 
7182,drama 
11868,drama 
20101,adventure 
23503,adventure 
8880,western 
31117,romance 
