,0
0,drama
1,comedy
2,drama
3,comedy
4,drama
5,horror
6,comedy
7,horror
8,action
9,drama
10,drama
11,action
12,drama
13,drama
14,drama
15,drama
16,comedy
17,comedy
18,drama
19,drama
20,drama
21,drama
22,drama
23,action
24,drama
25,comedy
26,drama
27,drama
28,drama
29,drama
30,drama
31,drama
32,comedy
33,comedy
34,comedy
35,comedy
36,comedy
37,drama
38,horror
39,drama
40,drama
41,drama
42,horror
43,drama
44,horror
45,drama
46,horror
47,drama
48,action
49,action
50,drama
51,drama
52,comedy
53,drama
54,comedy
55,horror
56,drama
57,horror
58,drama
59,comedy
60,drama
61,comedy
62,comedy
63,drama
64,western
65,romance
66,drama
67,drama
68,drama
69,drama
70,comedy
71,drama
72,romance
73,drama
74,comedy
75,drama
76,drama
77,western
78,drama
79,drama
80,drama
81,drama
82,drama
83,action
84,comedy
85,drama
86,drama
87,drama
88,drama
89,drama
90,romance
91,drama
92,drama
93,comedy
94,comedy
95,comedy
96,drama
97,drama
98,drama
99,drama
100,drama
101,drama
102,horror
103,comedy
104,comedy
105,comedy
106,drama
107,drama
108,drama
109,drama
110,comedy
111,drama
112,drama
113,drama
114,horror
115,drama
116,comedy
117,drama
118,drama
119,action
120,action
121,action
122,comedy
123,drama
124,horror
125,drama
126,horror
127,drama
128,drama
129,comedy
130,drama
131,action
132,comedy
133,drama
134,horror
135,drama
136,drama
137,western
138,drama
139,comedy
140,comedy
141,drama
142,drama
143,comedy
144,drama
145,drama
146,drama
147,drama
148,comedy
149,drama
150,drama
151,drama
152,drama
153,drama
154,drama
155,drama
156,drama
157,drama
158,horror
159,comedy
160,horror
161,horror
162,horror
163,western
164,drama
165,drama
166,drama
167,drama
168,drama
169,comedy
170,comedy
171,horror
172,horror
173,action
174,drama
175,drama
176,drama
177,drama
178,horror
179,comedy
180,drama
181,comedy
182,comedy
183,comedy
184,drama
185,comedy
186,western
187,drama
188,comedy
189,comedy
190,drama
191,drama
192,drama
193,drama
194,comedy
195,drama
196,drama
197,drama
198,drama
199,comedy
200,crime
201,drama
202,comedy
203,drama
204,drama
205,comedy
206,horror
207,comedy
208,drama
209,comedy
210,drama
211,comedy
212,drama
213,western
214,action
215,drama
216,drama
217,drama
218,drama
219,comedy
220,comedy
221,drama
222,comedy
223,drama
224,horror
225,drama
226,horror
227,drama
228,thriller
229,drama
230,drama
231,comedy
232,romance
233,comedy
234,drama
235,horror
236,western
237,horror
238,western
239,drama
240,comedy
241,drama
242,drama
243,drama
244,drama
245,romance
246,comedy
247,drama
248,drama
249,horror
250,drama
251,drama
252,drama
253,drama
254,drama
255,drama
256,comedy
257,horror
258,drama
259,comedy
260,drama
261,romance
262,drama
263,drama
264,comedy
265,drama
266,drama
267,drama
268,drama
269,drama
270,comedy
271,drama
272,romance
273,drama
274,thriller
275,drama
276,horror
277,drama
278,comedy
279,drama
280,comedy
281,drama
282,drama
283,drama
284,comedy
285,comedy
286,comedy
287,comedy
288,drama
289,drama
290,comedy
291,western
292,action
293,comedy
294,action
295,drama
296,comedy
297,action
298,comedy
299,comedy
300,western
301,drama
302,comedy
303,comedy
304,comedy
305,drama
306,drama
307,drama
308,drama
309,drama
310,drama
311,comedy
312,drama
313,comedy
314,drama
315,drama
316,comedy
317,comedy
318,comedy
319,drama
320,drama
321,action
322,drama
323,drama
324,comedy
325,drama
326,drama
327,comedy
328,drama
329,drama
330,western
331,action
332,drama
333,drama
334,drama
335,drama
336,drama
337,drama
338,drama
339,comedy
340,drama
341,drama
342,action
343,drama
344,drama
345,action
346,horror
347,drama
348,comedy
349,horror
350,horror
351,drama
352,comedy
353,drama
354,horror
355,comedy
356,comedy
357,comedy
358,western
359,drama
360,drama
361,drama
362,drama
363,drama
364,comedy
365,drama
366,drama
367,comedy
368,drama
369,horror
370,drama
371,action
372,drama
373,comedy
374,drama
375,horror
376,drama
377,drama
378,drama
379,comedy
380,drama
381,comedy
382,drama
383,drama
384,horror
385,drama
386,drama
387,drama
388,drama
389,drama
390,drama
391,drama
392,comedy
393,comedy
394,drama
395,drama
396,drama
397,western
398,action
399,drama
400,comedy
401,western
402,comedy
403,drama
404,drama
405,drama
406,drama
407,horror
408,comedy
409,drama
410,drama
411,drama
412,drama
413,comedy
414,action
415,comedy
416,romance
417,drama
418,drama
419,action
420,comedy
421,drama
422,comedy
423,action
424,drama
425,comedy
426,drama
427,drama
428,drama
429,romance
430,drama
431,comedy
432,comedy
433,drama
434,drama
435,comedy
436,drama
437,drama
438,comedy
439,drama
440,drama
441,drama
442,comedy
443,comedy
444,drama
445,drama
446,comedy
447,drama
448,drama
449,drama
450,drama
451,drama
452,comedy
453,drama
454,drama
455,horror
456,drama
457,horror
458,horror
459,drama
460,western
461,comedy
462,action
463,comedy
464,drama
465,drama
466,comedy
467,drama
468,drama
469,drama
470,drama
471,drama
472,romance
473,drama
474,drama
475,drama
476,drama
477,drama
478,romance
479,comedy
480,horror
481,romance
482,romance
483,drama
484,drama
485,drama
486,drama
487,action
488,drama
489,action
490,drama
491,comedy
492,comedy
493,drama
494,drama
495,drama
496,horror
497,drama
498,comedy
499,drama
500,horror
501,romance
502,drama
503,thriller
504,drama
505,comedy
506,drama
507,comedy
508,drama
509,comedy
510,drama
511,comedy
512,drama
513,drama
514,drama
515,drama
516,drama
517,horror
518,drama
519,drama
520,drama
521,western
522,comedy
523,drama
524,drama
525,drama
526,drama
527,drama
528,western
529,comedy
530,comedy
531,comedy
532,drama
533,comedy
534,drama
535,drama
536,horror
537,drama
538,drama
539,drama
540,action
541,comedy
542,drama
543,comedy
544,horror
545,drama
546,comedy
547,western
548,comedy
549,comedy
550,drama
551,drama
552,comedy
553,drama
554,drama
555,drama
556,horror
557,horror
558,drama
559,drama
560,drama
561,drama
562,drama
563,drama
564,comedy
565,romance
566,drama
567,drama
568,drama
569,drama
570,drama
571,drama
572,comedy
573,action
574,drama
575,drama
576,drama
577,drama
578,drama
579,drama
580,romance
581,drama
582,comedy
583,action
584,comedy
585,drama
586,western
587,drama
588,drama
589,comedy
590,comedy
591,comedy
592,comedy
593,drama
594,drama
595,comedy
596,drama
597,comedy
598,drama
599,comedy
600,comedy
601,horror
602,drama
603,drama
604,action
605,drama
606,western
607,drama
608,drama
609,drama
610,drama
611,drama
612,drama
613,comedy
614,drama
615,comedy
616,comedy
617,drama
618,drama
619,drama
620,action
621,drama
622,comedy
623,horror
624,drama
625,drama
626,drama
627,drama
628,drama
629,drama
630,western
631,comedy
632,comedy
633,comedy
634,drama
635,drama
636,comedy
637,comedy
638,drama
639,drama
640,western
641,drama
642,drama
643,drama
644,comedy
645,comedy
646,horror
647,drama
648,comedy
649,comedy
650,comedy
651,drama
652,drama
653,drama
654,horror
655,drama
656,thriller
657,drama
658,western
659,drama
660,drama
661,drama
662,drama
663,drama
664,drama
665,horror
666,horror
667,horror
668,drama
669,drama
670,drama
671,drama
672,drama
673,drama
674,drama
675,drama
676,action
677,drama
678,comedy
679,western
680,horror
681,comedy
682,comedy
683,drama
684,horror
685,drama
686,horror
687,drama
688,drama
689,drama
690,action
691,comedy
692,horror
693,comedy
694,horror
695,horror
696,drama
697,comedy
698,drama
699,drama
700,drama
701,action
702,comedy
703,drama
704,drama
705,comedy
706,drama
707,drama
708,drama
709,horror
710,drama
711,drama
712,drama
713,drama
714,drama
715,comedy
716,drama
717,drama
718,drama
719,action
720,drama
721,comedy
722,comedy
723,drama
724,drama
725,western
726,horror
727,comedy
728,drama
729,drama
730,action
731,drama
732,romance
733,comedy
734,drama
735,action
736,drama
737,drama
738,drama
739,drama
740,comedy
741,drama
742,drama
743,comedy
744,drama
745,comedy
746,comedy
747,drama
748,western
749,comedy
750,thriller
751,horror
752,action
753,drama
754,comedy
755,drama
756,drama
757,drama
758,comedy
759,comedy
760,drama
761,drama
762,drama
763,drama
764,comedy
765,drama
766,comedy
767,drama
768,drama
769,drama
770,drama
771,action
772,drama
773,action
774,drama
775,drama
776,thriller
777,horror
778,drama
779,drama
780,drama
781,comedy
782,drama
783,drama
784,drama
785,comedy
786,horror
787,comedy
788,adventure
789,drama
790,drama
791,comedy
792,action
793,horror
794,drama
795,drama
796,horror
797,drama
798,thriller
799,drama
800,drama
801,comedy
802,drama
803,drama
804,drama
805,comedy
806,drama
807,action
808,crime
809,comedy
810,drama
811,drama
812,horror
813,drama
814,action
815,drama
816,drama
817,romance
818,drama
819,drama
820,horror
821,action
822,comedy
823,horror
824,drama
825,drama
826,drama
827,drama
828,comedy
829,comedy
830,drama
831,drama
832,drama
833,drama
834,crime
835,drama
836,horror
837,drama
838,drama
839,drama
840,drama
841,drama
842,drama
843,drama
844,action
845,drama
846,drama
847,drama
848,comedy
849,adventure
850,comedy
851,comedy
852,comedy
853,drama
854,horror
855,drama
856,drama
857,drama
858,drama
859,drama
860,drama
861,comedy
862,comedy
863,comedy
864,action
865,drama
866,drama
867,drama
868,horror
869,drama
870,drama
871,drama
872,comedy
873,action
874,western
875,comedy
876,comedy
877,western
878,drama
879,drama
880,drama
881,comedy
882,drama
883,comedy
884,comedy
885,drama
886,drama
887,drama
888,comedy
889,drama
890,drama
891,drama
892,western
893,action
894,drama
895,drama
896,drama
897,drama
898,drama
899,drama
900,drama
901,drama
902,comedy
903,drama
904,drama
905,drama
906,drama
907,action
908,action
909,horror
910,western
911,comedy
912,drama
913,drama
914,drama
915,comedy
916,drama
917,comedy
918,comedy
919,comedy
920,drama
921,drama
922,comedy
923,comedy
924,drama
925,horror
926,drama
927,drama
928,action
929,drama
930,comedy
931,comedy
932,comedy
933,drama
934,comedy
935,drama
936,drama
937,drama
938,horror
939,drama
940,comedy
941,comedy
942,drama
943,drama
944,action
945,comedy
946,drama
947,drama
948,comedy
949,drama
950,horror
951,drama
952,drama
953,comedy
954,drama
955,drama
956,horror
957,drama
958,drama
959,drama
960,drama
961,romance
962,comedy
963,drama
964,drama
965,drama
966,drama
967,drama
968,drama
969,drama
970,drama
971,comedy
972,horror
973,comedy
974,comedy
975,drama
976,drama
977,western
978,western
979,drama
980,drama
981,drama
982,drama
983,western
984,thriller
985,drama
986,comedy
987,drama
988,drama
989,drama
990,romance
991,comedy
992,drama
993,comedy
994,drama
995,drama
996,horror
997,horror
998,drama
999,comedy
1000,drama
1001,drama
1002,comedy
1003,comedy
1004,action
1005,drama
1006,drama
1007,comedy
1008,drama
1009,comedy
1010,drama
1011,horror
1012,horror
1013,drama
1014,drama
1015,drama
1016,drama
1017,drama
1018,drama
1019,thriller
1020,western
1021,drama
1022,comedy
1023,adventure
1024,drama
1025,drama
1026,drama
1027,drama
1028,thriller
1029,horror
1030,drama
1031,drama
1032,drama
1033,drama
1034,comedy
1035,drama
1036,comedy
1037,drama
1038,action
1039,drama
1040,drama
1041,horror
1042,drama
1043,comedy
1044,comedy
1045,drama
1046,horror
1047,comedy
1048,drama
1049,comedy
1050,drama
1051,action
1052,drama
1053,drama
1054,drama
1055,comedy
1056,drama
1057,drama
1058,western
1059,action
1060,comedy
1061,comedy
1062,drama
1063,comedy
1064,drama
1065,drama
1066,drama
1067,drama
1068,drama
1069,comedy
1070,comedy
1071,horror
1072,action
1073,drama
1074,action
1075,drama
1076,comedy
1077,horror
1078,drama
1079,drama
1080,drama
1081,comedy
1082,drama
1083,drama
1084,drama
1085,horror
1086,drama
1087,drama
1088,comedy
1089,drama
1090,comedy
1091,drama
1092,drama
1093,horror
1094,comedy
1095,drama
1096,comedy
1097,drama
1098,horror
1099,drama
1100,drama
1101,western
1102,drama
1103,drama
1104,western
1105,comedy
1106,drama
1107,drama
1108,drama
1109,drama
1110,drama
1111,drama
1112,drama
1113,western
1114,action
1115,comedy
1116,drama
1117,drama
1118,comedy
1119,horror
1120,drama
1121,drama
1122,drama
1123,horror
1124,horror
1125,comedy
1126,drama
1127,drama
1128,drama
1129,drama
1130,comedy
1131,comedy
1132,drama
1133,comedy
1134,drama
1135,drama
1136,comedy
1137,drama
1138,drama
1139,drama
1140,drama
1141,drama
1142,drama
1143,drama
1144,comedy
1145,drama
1146,drama
1147,comedy
1148,western
1149,drama
1150,action
1151,drama
1152,comedy
1153,drama
1154,drama
1155,drama
1156,drama
1157,drama
1158,drama
1159,drama
1160,drama
1161,action
1162,drama
1163,comedy
1164,comedy
1165,drama
1166,thriller
1167,comedy
1168,drama
1169,drama
1170,action
1171,romance
1172,comedy
1173,comedy
1174,drama
1175,drama
1176,drama
1177,drama
1178,drama
1179,drama
1180,comedy
1181,drama
1182,comedy
1183,comedy
1184,comedy
1185,drama
1186,comedy
1187,drama
1188,drama
1189,crime
1190,drama
1191,drama
1192,drama
1193,drama
1194,comedy
1195,comedy
1196,horror
1197,drama
1198,comedy
1199,drama
1200,drama
1201,horror
1202,horror
1203,drama
1204,horror
1205,drama
1206,drama
1207,action
1208,western
1209,comedy
1210,horror
1211,romance
1212,comedy
1213,drama
1214,drama
1215,drama
1216,drama
1217,drama
1218,drama
1219,drama
1220,drama
1221,romance
1222,comedy
1223,drama
1224,drama
1225,comedy
1226,drama
1227,drama
1228,drama
1229,western
1230,action
1231,comedy
1232,comedy
1233,comedy
1234,drama
1235,comedy
1236,drama
1237,drama
1238,drama
1239,drama
1240,horror
1241,drama
1242,western
1243,drama
1244,western
1245,western
1246,horror
1247,horror
1248,drama
1249,drama
1250,drama
1251,comedy
1252,comedy
1253,drama
1254,drama
1255,comedy
1256,comedy
1257,drama
1258,romance
1259,drama
1260,comedy
1261,drama
1262,comedy
1263,comedy
1264,drama
1265,drama
1266,drama
1267,comedy
1268,drama
1269,drama
1270,drama
1271,drama
1272,western
1273,western
1274,comedy
1275,drama
1276,drama
1277,comedy
1278,drama
1279,drama
1280,comedy
1281,crime
1282,comedy
1283,drama
1284,comedy
1285,comedy
1286,drama
1287,comedy
1288,drama
1289,drama
1290,drama
1291,romance
1292,drama
1293,comedy
1294,drama
1295,drama
1296,drama
1297,comedy
1298,comedy
1299,drama
1300,comedy
1301,drama
1302,drama
1303,drama
1304,drama
1305,drama
1306,comedy
1307,drama
1308,comedy
1309,drama
1310,drama
1311,horror
1312,drama
1313,comedy
1314,drama
1315,western
1316,drama
1317,drama
1318,action
1319,drama
1320,drama
1321,drama
1322,drama
1323,drama
1324,drama
1325,drama
1326,horror
1327,drama
1328,drama
1329,drama
1330,drama
1331,drama
1332,drama
1333,comedy
1334,drama
1335,drama
1336,comedy
1337,action
1338,drama
1339,drama
1340,drama
1341,drama
1342,drama
1343,comedy
1344,drama
1345,drama
1346,drama
1347,drama
1348,drama
1349,drama
1350,drama
1351,western
1352,action
1353,drama
1354,comedy
1355,drama
1356,drama
1357,comedy
1358,comedy
1359,horror
1360,drama
1361,western
1362,romance
1363,drama
1364,drama
1365,drama
1366,romance
1367,drama
1368,drama
1369,comedy
1370,western
1371,western
1372,drama
1373,drama
1374,horror
1375,drama
1376,horror
1377,thriller
1378,comedy
1379,drama
1380,drama
1381,drama
1382,comedy
1383,drama
1384,western
1385,comedy
1386,drama
1387,drama
1388,drama
1389,drama
1390,drama
1391,drama
1392,drama
1393,drama
1394,drama
1395,drama
1396,romance
1397,horror
1398,drama
1399,comedy
1400,comedy
1401,drama
1402,drama
1403,drama
1404,action
1405,drama
1406,drama
1407,comedy
1408,drama
1409,horror
1410,drama
1411,drama
1412,drama
1413,drama
1414,drama
1415,drama
1416,western
1417,drama
1418,drama
1419,drama
1420,drama
1421,drama
1422,drama
1423,drama
1424,western
1425,drama
1426,comedy
1427,drama
1428,western
1429,drama
1430,romance
1431,drama
1432,comedy
1433,drama
1434,drama
1435,drama
1436,drama
1437,drama
1438,drama
1439,drama
1440,comedy
1441,comedy
1442,drama
1443,horror
1444,western
1445,drama
1446,action
1447,drama
1448,drama
1449,drama
1450,drama
1451,drama
1452,drama
1453,drama
1454,comedy
1455,comedy
1456,comedy
1457,horror
1458,drama
1459,drama
1460,drama
1461,comedy
1462,drama
1463,drama
1464,drama
1465,comedy
1466,comedy
1467,drama
1468,action
1469,drama
1470,comedy
1471,drama
1472,drama
1473,drama
1474,comedy
1475,comedy
1476,drama
1477,horror
1478,drama
1479,drama
1480,drama
1481,drama
1482,drama
1483,comedy
1484,drama
1485,drama
1486,comedy
1487,drama
1488,comedy
1489,drama
1490,comedy
1491,comedy
1492,action
1493,action
1494,drama
1495,drama
1496,drama
1497,drama
1498,western
1499,drama
1500,comedy
1501,drama
1502,drama
1503,drama
1504,drama
1505,drama
1506,drama
1507,drama
1508,drama
1509,horror
1510,comedy
1511,comedy
1512,drama
1513,western
1514,drama
1515,horror
1516,comedy
1517,drama
1518,drama
1519,drama
1520,drama
1521,drama
1522,drama
1523,horror
1524,drama
1525,action
1526,drama
1527,drama
1528,drama
1529,comedy
1530,drama
1531,comedy
1532,action
1533,drama
1534,drama
1535,drama
1536,comedy
1537,thriller
1538,comedy
1539,drama
1540,drama
1541,drama
1542,comedy
1543,drama
1544,drama
1545,comedy
1546,drama
1547,comedy
1548,comedy
1549,drama
1550,drama
1551,drama
1552,drama
1553,horror
1554,comedy
1555,horror
1556,action
1557,western
1558,drama
1559,action
1560,action
1561,western
1562,western
1563,drama
1564,drama
1565,drama
1566,drama
1567,drama
1568,horror
1569,drama
1570,drama
1571,drama
1572,drama
1573,comedy
1574,comedy
1575,drama
1576,horror
1577,comedy
1578,drama
1579,drama
1580,comedy
1581,comedy
1582,comedy
1583,action
1584,drama
1585,drama
1586,comedy
1587,drama
1588,drama
1589,drama
1590,drama
1591,drama
1592,drama
1593,drama
1594,drama
1595,horror
1596,action
1597,drama
1598,western
1599,horror
1600,drama
1601,comedy
1602,drama
1603,drama
1604,comedy
1605,drama
1606,horror
1607,comedy
1608,drama
1609,drama
1610,drama
1611,comedy
1612,drama
1613,drama
1614,comedy
1615,comedy
1616,romance
1617,drama
1618,drama
1619,drama
1620,comedy
1621,drama
1622,drama
1623,drama
1624,action
1625,drama
1626,comedy
1627,drama
1628,drama
1629,comedy
1630,comedy
1631,drama
1632,drama
1633,action
1634,drama
1635,drama
1636,drama
1637,drama
1638,drama
1639,comedy
1640,drama
1641,comedy
1642,drama
1643,comedy
1644,horror
1645,comedy
1646,comedy
1647,comedy
1648,drama
1649,horror
1650,drama
1651,western
1652,comedy
1653,action
1654,drama
1655,drama
1656,drama
1657,drama
1658,drama
1659,comedy
1660,drama
1661,action
1662,comedy
1663,horror
1664,drama
1665,drama
1666,drama
1667,drama
1668,comedy
1669,comedy
1670,comedy
1671,comedy
1672,drama
1673,drama
1674,drama
1675,comedy
1676,drama
1677,comedy
1678,drama
1679,drama
1680,comedy
1681,drama
1682,drama
1683,drama
1684,comedy
1685,comedy
1686,drama
1687,drama
1688,comedy
1689,drama
1690,drama
1691,drama
1692,drama
1693,drama
1694,drama
1695,action
1696,comedy
1697,drama
1698,drama
1699,comedy
1700,comedy
1701,drama
1702,drama
1703,drama
1704,comedy
1705,drama
1706,horror
1707,drama
1708,drama
1709,drama
1710,action
1711,drama
1712,thriller
1713,drama
1714,drama
1715,comedy
1716,action
1717,comedy
1718,comedy
1719,drama
1720,drama
1721,comedy
1722,comedy
1723,drama
1724,drama
1725,comedy
1726,comedy
1727,horror
1728,comedy
1729,horror
1730,horror
1731,drama
1732,drama
1733,drama
1734,drama
1735,drama
1736,comedy
1737,drama
1738,thriller
1739,drama
1740,horror
1741,drama
1742,drama
1743,horror
1744,romance
1745,crime
1746,drama
1747,drama
1748,comedy
1749,comedy
1750,western
1751,comedy
1752,drama
1753,drama
1754,drama
1755,comedy
1756,drama
1757,drama
1758,drama
1759,comedy
1760,drama
1761,drama
1762,drama
1763,horror
1764,drama
1765,comedy
1766,drama
1767,drama
1768,horror
1769,drama
1770,drama
1771,drama
1772,horror
1773,horror
1774,comedy
1775,drama
1776,drama
1777,drama
1778,comedy
1779,comedy
1780,comedy
1781,horror
1782,drama
1783,drama
1784,drama
1785,drama
1786,drama
1787,horror
1788,horror
1789,comedy
1790,comedy
1791,drama
1792,horror
1793,drama
1794,horror
1795,horror
1796,drama
1797,western
1798,drama
1799,drama
1800,western
1801,drama
1802,drama
1803,comedy
1804,comedy
1805,drama
1806,comedy
1807,drama
1808,drama
1809,drama
1810,horror
1811,drama
1812,drama
1813,drama
1814,romance
1815,comedy
1816,comedy
1817,drama
1818,drama
1819,horror
1820,drama
1821,western
1822,drama
1823,comedy
1824,drama
1825,drama
1826,drama
1827,drama
1828,drama
1829,drama
1830,comedy
1831,drama
1832,drama
1833,comedy
1834,horror
1835,drama
1836,comedy
1837,drama
1838,drama
1839,drama
1840,drama
1841,drama
1842,drama
1843,drama
1844,action
1845,comedy
1846,drama
1847,action
1848,drama
1849,drama
1850,comedy
1851,drama
1852,drama
1853,drama
1854,drama
1855,drama
1856,drama
1857,drama
1858,horror
1859,drama
1860,drama
1861,comedy
1862,drama
1863,comedy
1864,action
1865,drama
1866,drama
1867,comedy
1868,comedy
1869,horror
1870,drama
1871,drama
1872,drama
1873,comedy
1874,drama
1875,drama
1876,horror
1877,drama
1878,drama
1879,drama
1880,drama
1881,drama
1882,action
1883,horror
1884,drama
1885,horror
1886,drama
1887,comedy
1888,drama
1889,romance
1890,drama
1891,horror
1892,comedy
1893,romance
1894,horror
1895,comedy
1896,comedy
1897,action
1898,drama
1899,drama
1900,comedy
1901,drama
1902,drama
1903,drama
1904,horror
1905,action
1906,drama
1907,drama
1908,drama
1909,drama
1910,comedy
1911,drama
1912,action
1913,drama
1914,action
1915,drama
1916,comedy
1917,comedy
1918,drama
1919,comedy
1920,comedy
1921,drama
1922,drama
1923,comedy
1924,drama
1925,drama
1926,drama
1927,comedy
1928,horror
1929,drama
1930,adventure
1931,western
1932,western
1933,drama
1934,comedy
1935,comedy
1936,drama
1937,western
1938,action
1939,drama
1940,drama
1941,drama
1942,comedy
1943,horror
1944,romance
1945,drama
1946,drama
1947,drama
1948,comedy
1949,romance
1950,drama
1951,drama
1952,comedy
1953,comedy
1954,drama
1955,comedy
1956,drama
1957,drama
1958,drama
1959,drama
1960,drama
1961,comedy
1962,drama
1963,drama
1964,drama
1965,thriller
1966,comedy
1967,drama
1968,comedy
1969,drama
1970,comedy
1971,drama
1972,drama
1973,horror
1974,drama
1975,drama
1976,drama
1977,comedy
1978,drama
1979,romance
1980,comedy
1981,comedy
1982,drama
1983,drama
1984,drama
1985,drama
1986,drama
1987,drama
1988,drama
1989,drama
1990,horror
1991,comedy
1992,comedy
1993,drama
1994,comedy
1995,drama
1996,drama
1997,drama
1998,drama
1999,drama
2000,western
2001,comedy
2002,comedy
2003,drama
2004,drama
2005,comedy
2006,western
2007,action
2008,drama
2009,drama
2010,comedy
2011,drama
2012,drama
2013,comedy
2014,drama
2015,drama
2016,comedy
2017,drama
2018,western
2019,action
2020,drama
2021,comedy
2022,drama
2023,drama
2024,drama
2025,drama
2026,drama
2027,drama
2028,drama
2029,drama
2030,drama
2031,comedy
2032,drama
2033,horror
2034,comedy
2035,drama
2036,western
2037,comedy
2038,drama
2039,drama
2040,comedy
2041,drama
2042,horror
2043,drama
2044,drama
2045,drama
2046,comedy
2047,comedy
2048,drama
2049,action
2050,western
2051,drama
2052,western
2053,horror
2054,drama
2055,action
2056,comedy
2057,comedy
2058,drama
2059,romance
2060,comedy
2061,drama
2062,drama
2063,comedy
2064,drama
2065,drama
2066,comedy
2067,drama
2068,comedy
2069,drama
2070,drama
2071,drama
2072,drama
2073,comedy
2074,horror
2075,horror
2076,drama
2077,comedy
2078,romance
2079,drama
2080,drama
2081,drama
2082,comedy
2083,drama
2084,drama
2085,action
2086,horror
2087,drama
2088,comedy
2089,drama
2090,drama
2091,horror
2092,drama
2093,comedy
2094,action
2095,horror
2096,drama
2097,horror
2098,drama
2099,drama
2100,drama
2101,drama
2102,drama
2103,drama
2104,drama
2105,horror
2106,drama
2107,drama
2108,comedy
2109,horror
2110,comedy
2111,drama
2112,comedy
2113,drama
2114,drama
2115,drama
2116,drama
2117,drama
2118,drama
2119,drama
2120,action
2121,comedy
2122,drama
2123,drama
2124,drama
2125,action
2126,drama
2127,comedy
2128,drama
2129,comedy
2130,comedy
2131,drama
2132,comedy
2133,comedy
2134,comedy
2135,drama
2136,comedy
2137,drama
2138,drama
2139,comedy
2140,drama
2141,drama
2142,comedy
2143,drama
2144,drama
2145,drama
2146,drama
2147,comedy
2148,drama
2149,romance
2150,drama
2151,comedy
2152,drama
2153,drama
2154,drama
2155,comedy
2156,comedy
2157,drama
2158,comedy
2159,drama
2160,comedy
2161,comedy
2162,horror
2163,drama
2164,drama
2165,comedy
2166,comedy
2167,drama
2168,drama
2169,drama
2170,drama
2171,drama
2172,action
2173,comedy
2174,comedy
2175,drama
2176,comedy
2177,comedy
2178,drama
2179,romance
2180,western
2181,drama
2182,comedy
2183,drama
2184,drama
2185,drama
2186,horror
2187,horror
2188,drama
2189,action
2190,drama
2191,horror
2192,comedy
2193,drama
2194,drama
2195,drama
2196,drama
2197,drama
2198,drama
2199,horror
2200,drama
2201,drama
2202,drama
2203,drama
2204,action
2205,drama
2206,comedy
2207,drama
2208,comedy
2209,drama
2210,horror
2211,drama
2212,drama
2213,action
2214,comedy
2215,drama
2216,action
2217,drama
2218,drama
2219,horror
2220,drama
2221,drama
2222,drama
2223,drama
2224,horror
2225,drama
2226,western
2227,drama
2228,drama
2229,drama
2230,comedy
2231,action
2232,drama
2233,comedy
2234,drama
2235,drama
2236,thriller
2237,drama
2238,comedy
2239,drama
2240,comedy
2241,western
2242,western
2243,drama
2244,comedy
2245,adventure
2246,action
2247,romance
2248,comedy
2249,drama
2250,drama
2251,western
2252,horror
2253,comedy
2254,drama
2255,drama
2256,horror
2257,comedy
2258,crime
2259,drama
2260,comedy
2261,comedy
2262,action
2263,drama
2264,drama
2265,drama
2266,drama
2267,comedy
2268,action
2269,drama
2270,comedy
2271,drama
2272,horror
2273,drama
2274,action
2275,drama
2276,drama
2277,comedy
2278,comedy
2279,drama
2280,comedy
2281,drama
2282,drama
2283,comedy
2284,drama
2285,action
2286,drama
2287,drama
2288,comedy
2289,drama
2290,drama
2291,horror
2292,action
2293,comedy
2294,romance
2295,drama
2296,comedy
2297,drama
2298,comedy
2299,drama
2300,comedy
2301,drama
2302,western
2303,comedy
2304,drama
2305,comedy
2306,drama
2307,drama
2308,comedy
2309,western
2310,horror
2311,western
2312,drama
2313,drama
2314,drama
2315,drama
2316,drama
2317,drama
2318,western
2319,comedy
2320,drama
2321,drama
2322,romance
2323,comedy
2324,drama
2325,drama
2326,horror
2327,thriller
2328,drama
2329,romance
2330,drama
2331,drama
2332,drama
2333,drama
2334,drama
2335,drama
2336,comedy
2337,comedy
2338,drama
2339,drama
2340,comedy
2341,drama
2342,drama
2343,drama
2344,drama
2345,drama
2346,comedy
2347,horror
2348,drama
2349,comedy
2350,drama
2351,horror
2352,drama
2353,horror
2354,comedy
2355,drama
2356,drama
2357,drama
2358,drama
2359,drama
2360,action
2361,drama
2362,drama
2363,drama
2364,drama
2365,drama
2366,drama
2367,action
2368,drama
2369,drama
2370,drama
2371,drama
2372,drama
2373,drama
2374,drama
2375,drama
2376,drama
2377,drama
2378,drama
2379,drama
2380,comedy
2381,drama
2382,drama
2383,drama
2384,action
2385,horror
2386,western
2387,drama
2388,drama
2389,drama
2390,drama
2391,horror
2392,drama
2393,drama
2394,comedy
2395,drama
2396,drama
2397,action
2398,drama
2399,comedy
2400,drama
2401,drama
2402,drama
2403,comedy
2404,comedy
2405,drama
2406,drama
2407,drama
2408,comedy
2409,comedy
2410,drama
2411,horror
2412,drama
2413,drama
2414,comedy
2415,action
2416,comedy
2417,drama
2418,drama
2419,drama
2420,drama
2421,comedy
2422,drama
2423,action
2424,drama
2425,comedy
2426,drama
2427,drama
2428,action
2429,drama
2430,drama
2431,drama
2432,drama
2433,drama
2434,drama
2435,action
2436,comedy
2437,drama
2438,drama
2439,action
2440,horror
2441,drama
2442,horror
2443,drama
2444,drama
2445,action
2446,drama
2447,horror
2448,drama
2449,drama
2450,drama
2451,thriller
2452,drama
2453,comedy
2454,drama
2455,drama
2456,horror
2457,drama
2458,drama
2459,comedy
2460,horror
2461,drama
2462,drama
2463,comedy
2464,drama
2465,drama
2466,drama
2467,drama
2468,drama
2469,western
2470,comedy
2471,drama
2472,drama
2473,drama
2474,western
2475,drama
2476,drama
2477,comedy
2478,drama
2479,horror
2480,western
2481,comedy
2482,drama
2483,drama
2484,comedy
2485,drama
2486,comedy
2487,drama
2488,drama
2489,drama
2490,western
2491,drama
2492,drama
2493,drama
2494,drama
2495,action
2496,comedy
2497,drama
2498,drama
2499,drama
2500,comedy
2501,drama
2502,drama
2503,western
2504,horror
2505,drama
2506,comedy
2507,drama
2508,drama
2509,drama
2510,horror
2511,drama
2512,drama
2513,drama
2514,comedy
2515,western
2516,drama
2517,comedy
2518,drama
2519,drama
2520,drama
2521,drama
2522,drama
2523,drama
2524,drama
2525,drama
2526,comedy
2527,drama
2528,drama
2529,drama
2530,drama
2531,horror
2532,drama
2533,drama
2534,drama
2535,drama
2536,drama
2537,comedy
2538,drama
2539,comedy
2540,drama
2541,comedy
2542,action
2543,comedy
2544,horror
2545,drama
2546,comedy
2547,drama
2548,action
2549,drama
2550,comedy
2551,comedy
2552,drama
2553,western
2554,drama
2555,horror
2556,drama
2557,drama
2558,comedy
2559,drama
2560,drama
2561,western
2562,comedy
2563,comedy
2564,drama
2565,drama
2566,horror
2567,drama
2568,drama
2569,drama
2570,drama
2571,horror
2572,drama
2573,drama
2574,drama
2575,drama
2576,drama
2577,drama
2578,comedy
2579,horror
2580,drama
2581,thriller
2582,drama
2583,drama
2584,drama
2585,drama
2586,comedy
2587,drama
2588,comedy
2589,drama
2590,drama
2591,drama
2592,comedy
2593,drama
2594,drama
2595,drama
2596,drama
2597,action
2598,action
2599,comedy
2600,comedy
2601,horror
2602,drama
2603,drama
2604,comedy
2605,comedy
2606,horror
2607,drama
2608,drama
2609,comedy
2610,action
2611,drama
2612,drama
2613,horror
2614,drama
2615,drama
2616,comedy
2617,drama
2618,drama
2619,drama
2620,comedy
2621,western
2622,horror
2623,horror
2624,drama
2625,drama
2626,drama
2627,western
2628,drama
2629,drama
2630,drama
2631,comedy
2632,drama
2633,drama
2634,drama
2635,drama
2636,drama
2637,horror
2638,drama
2639,drama
2640,comedy
2641,action
2642,comedy
2643,comedy
2644,comedy
2645,horror
2646,drama
2647,drama
2648,drama
2649,drama
2650,drama
2651,drama
2652,thriller
2653,horror
2654,comedy
2655,comedy
2656,drama
2657,comedy
2658,drama
2659,comedy
2660,drama
2661,drama
2662,comedy
2663,drama
2664,comedy
2665,horror
2666,action
2667,drama
2668,drama
2669,drama
2670,drama
2671,drama
2672,comedy
2673,drama
2674,drama
2675,comedy
2676,drama
2677,horror
2678,drama
2679,drama
2680,comedy
2681,comedy
2682,drama
2683,drama
2684,drama
2685,drama
2686,drama
2687,drama
2688,drama
2689,horror
2690,drama
2691,action
2692,drama
2693,drama
2694,comedy
2695,thriller
2696,drama
2697,horror
2698,comedy
2699,action
2700,drama
2701,drama
2702,comedy
2703,horror
2704,drama
2705,horror
2706,comedy
2707,drama
2708,drama
2709,comedy
2710,comedy
2711,drama
2712,horror
2713,drama
2714,comedy
2715,drama
2716,comedy
2717,drama
2718,drama
2719,drama
2720,drama
2721,comedy
2722,drama
2723,comedy
2724,horror
2725,comedy
2726,action
2727,drama
2728,western
2729,drama
2730,drama
2731,drama
2732,western
2733,drama
2734,drama
2735,drama
2736,drama
2737,drama
2738,drama
2739,drama
2740,comedy
2741,drama
2742,drama
2743,drama
2744,drama
2745,horror
2746,drama
2747,drama
2748,drama
2749,drama
2750,comedy
2751,comedy
2752,drama
2753,drama
2754,drama
2755,drama
2756,horror
2757,horror
2758,comedy
2759,drama
2760,drama
2761,drama
2762,comedy
2763,romance
2764,comedy
2765,drama
2766,action
2767,comedy
2768,drama
2769,horror
2770,drama
2771,drama
2772,drama
2773,comedy
2774,drama
2775,horror
2776,comedy
2777,drama
2778,comedy
2779,comedy
2780,action
2781,drama
2782,drama
2783,drama
2784,horror
2785,drama
2786,drama
2787,drama
2788,romance
2789,comedy
2790,drama
2791,romance
2792,drama
2793,comedy
2794,drama
2795,horror
2796,drama
2797,drama
2798,drama
2799,drama
2800,drama
2801,drama
2802,comedy
2803,drama
2804,drama
2805,horror
2806,drama
2807,comedy
2808,drama
2809,horror
2810,drama
2811,drama
2812,comedy
2813,drama
2814,drama
2815,comedy
2816,comedy
2817,romance
2818,horror
2819,horror
2820,drama
2821,drama
2822,comedy
2823,comedy
2824,comedy
2825,drama
2826,comedy
2827,western
2828,drama
2829,drama
2830,drama
2831,drama
2832,comedy
2833,comedy
2834,comedy
2835,comedy
2836,drama
2837,horror
2838,drama
2839,comedy
2840,drama
2841,drama
2842,drama
2843,comedy
2844,comedy
2845,drama
2846,drama
2847,comedy
2848,drama
2849,drama
2850,drama
2851,romance
2852,drama
2853,comedy
2854,drama
2855,drama
2856,drama
2857,comedy
2858,comedy
2859,drama
2860,drama
2861,drama
2862,western
2863,drama
2864,comedy
2865,action
2866,drama
2867,action
2868,drama
2869,comedy
2870,drama
2871,comedy
2872,drama
2873,drama
2874,drama
2875,western
2876,drama
2877,drama
2878,drama
2879,comedy
2880,drama
2881,drama
2882,drama
2883,drama
2884,drama
2885,drama
2886,action
2887,comedy
2888,drama
2889,drama
2890,drama
2891,drama
2892,western
2893,drama
2894,drama
2895,drama
2896,drama
2897,comedy
2898,action
2899,drama
2900,drama
2901,action
2902,drama
2903,thriller
2904,comedy
2905,drama
2906,drama
2907,drama
2908,comedy
2909,drama
2910,drama
2911,drama
2912,drama
2913,western
2914,comedy
2915,comedy
2916,comedy
2917,comedy
2918,action
2919,drama
2920,comedy
2921,drama
2922,drama
2923,drama
2924,action
2925,drama
2926,drama
2927,drama
2928,drama
2929,drama
2930,comedy
2931,comedy
2932,drama
2933,drama
2934,horror
2935,comedy
2936,horror
2937,drama
2938,comedy
2939,drama
2940,drama
2941,drama
2942,comedy
2943,comedy
2944,western
2945,drama
2946,drama
2947,drama
2948,comedy
2949,drama
2950,comedy
2951,comedy
2952,drama
2953,drama
2954,drama
2955,drama
2956,drama
2957,drama
2958,drama
2959,comedy
2960,comedy
2961,drama
2962,drama
2963,drama
2964,drama
2965,comedy
2966,drama
2967,comedy
2968,drama
2969,drama
2970,drama
2971,drama
2972,comedy
2973,comedy
2974,western
2975,drama
2976,comedy
2977,western
2978,drama
2979,drama
2980,thriller
2981,comedy
2982,drama
2983,comedy
2984,comedy
2985,action
2986,horror
2987,drama
2988,drama
2989,drama
2990,drama
2991,drama
2992,drama
2993,horror
2994,drama
2995,action
2996,drama
2997,drama
2998,drama
2999,drama
3000,comedy
3001,horror
3002,drama
3003,drama
3004,horror
3005,drama
3006,drama
3007,thriller
3008,drama
3009,comedy
3010,horror
3011,drama
3012,western
3013,drama
3014,comedy
3015,drama
3016,comedy
3017,drama
3018,romance
3019,drama
3020,horror
3021,comedy
3022,drama
3023,drama
3024,drama
3025,comedy
3026,drama
3027,drama
3028,horror
3029,drama
3030,drama
3031,drama
3032,comedy
3033,comedy
3034,comedy
3035,drama
3036,drama
3037,drama
3038,drama
3039,horror
3040,drama
3041,comedy
3042,drama
3043,comedy
3044,drama
3045,drama
3046,drama
3047,drama
3048,western
3049,comedy
3050,comedy
3051,drama
3052,drama
3053,drama
3054,comedy
3055,drama
3056,drama
3057,drama
3058,comedy
3059,comedy
3060,comedy
3061,comedy
3062,drama
3063,drama
3064,comedy
3065,drama
3066,drama
3067,drama
3068,drama
3069,drama
3070,drama
3071,comedy
3072,comedy
3073,drama
3074,drama
3075,comedy
3076,drama
3077,drama
3078,drama
3079,drama
3080,drama
3081,comedy
3082,drama
3083,western
3084,comedy
3085,horror
3086,drama
3087,drama
3088,drama
3089,drama
3090,action
3091,drama
3092,drama
3093,drama
3094,drama
3095,comedy
3096,drama
3097,drama
3098,drama
3099,drama
3100,horror
3101,comedy
3102,drama
3103,drama
3104,drama
3105,comedy
3106,western
3107,western
3108,western
3109,drama
3110,drama
3111,drama
3112,drama
3113,horror
3114,comedy
3115,comedy
3116,comedy
3117,comedy
3118,comedy
3119,action
3120,drama
3121,drama
3122,drama
3123,drama
3124,drama
3125,action
3126,comedy
3127,drama
3128,drama
3129,drama
3130,drama
3131,drama
3132,drama
3133,horror
3134,comedy
3135,action
3136,drama
3137,drama
3138,drama
3139,drama
3140,horror
3141,comedy
3142,comedy
3143,drama
3144,drama
3145,drama
3146,drama
3147,drama
3148,action
3149,drama
3150,drama
3151,drama
3152,comedy
3153,drama
3154,drama
3155,horror
3156,drama
3157,drama
3158,drama
3159,action
3160,drama
3161,comedy
3162,comedy
3163,horror
3164,drama
3165,western
3166,drama
3167,drama
3168,drama
3169,action
3170,drama
3171,drama
3172,drama
3173,comedy
3174,drama
3175,drama
3176,comedy
3177,western
3178,comedy
3179,action
3180,drama
3181,romance
3182,drama
3183,drama
3184,comedy
3185,drama
3186,comedy
3187,drama
3188,drama
3189,drama
3190,drama
3191,drama
3192,drama
3193,horror
3194,crime
3195,drama
3196,drama
3197,comedy
3198,comedy
3199,drama
3200,drama
3201,action
3202,drama
3203,drama
3204,drama
3205,drama
3206,drama
3207,horror
3208,western
3209,comedy
3210,comedy
3211,drama
3212,comedy
3213,drama
3214,drama
3215,drama
3216,comedy
3217,comedy
3218,drama
3219,comedy
3220,drama
3221,drama
3222,drama
3223,drama
3224,comedy
3225,drama
3226,drama
3227,drama
3228,comedy
3229,comedy
3230,horror
3231,drama
3232,drama
3233,drama
3234,drama
3235,drama
3236,drama
3237,drama
3238,drama
3239,horror
3240,drama
3241,action
3242,drama
3243,comedy
3244,drama
3245,drama
3246,romance
3247,horror
3248,horror
3249,drama
3250,comedy
3251,action
3252,horror
3253,drama
3254,comedy
3255,comedy
3256,comedy
3257,drama
3258,horror
3259,romance
3260,comedy
3261,drama
3262,drama
3263,comedy
3264,comedy
3265,comedy
3266,western
3267,horror
3268,drama
3269,drama
3270,drama
3271,drama
3272,romance
3273,drama
3274,action
3275,drama
3276,drama
3277,drama
3278,drama
3279,drama
3280,drama
3281,drama
3282,comedy
3283,drama
3284,comedy
3285,drama
3286,drama
3287,drama
3288,drama
3289,comedy
3290,drama
3291,drama
3292,action
3293,comedy
3294,drama
3295,drama
3296,action
3297,drama
3298,drama
3299,action
3300,comedy
3301,drama
3302,drama
3303,comedy
3304,drama
3305,horror
3306,drama
3307,comedy
3308,drama
3309,drama
3310,action
3311,drama
3312,adventure
3313,drama
3314,drama
3315,western
3316,drama
3317,drama
3318,comedy
3319,drama
3320,drama
3321,action
3322,comedy
3323,drama
3324,drama
3325,drama
3326,action
3327,drama
3328,drama
3329,drama
3330,horror
3331,drama
3332,drama
3333,drama
3334,drama
3335,drama
3336,drama
3337,drama
3338,drama
3339,drama
3340,comedy
3341,action
3342,drama
3343,comedy
3344,comedy
3345,drama
3346,comedy
3347,comedy
3348,drama
3349,comedy
3350,drama
3351,comedy
3352,drama
3353,thriller
3354,drama
3355,drama
3356,comedy
3357,comedy
3358,drama
3359,drama
3360,drama
3361,drama
3362,comedy
3363,drama
3364,drama
3365,comedy
3366,drama
3367,horror
3368,action
3369,action
3370,drama
3371,action
3372,drama
3373,action
3374,comedy
3375,drama
3376,drama
3377,drama
3378,horror
3379,romance
3380,western
3381,drama
3382,horror
3383,comedy
3384,drama
3385,comedy
3386,action
3387,drama
3388,comedy
3389,drama
3390,comedy
3391,drama
3392,comedy
3393,drama
3394,drama
3395,drama
3396,action
3397,horror
3398,drama
3399,comedy
3400,drama
3401,comedy
3402,drama
3403,drama
3404,action
3405,horror
3406,drama
3407,horror
3408,drama
3409,comedy
3410,drama
3411,drama
3412,western
3413,romance
3414,comedy
3415,drama
3416,action
3417,horror
3418,drama
3419,drama
3420,drama
3421,drama
3422,drama
3423,drama
3424,horror
3425,comedy
3426,comedy
3427,thriller
3428,drama
3429,drama
3430,comedy
3431,drama
3432,drama
3433,drama
3434,drama
3435,action
3436,drama
3437,horror
3438,drama
3439,drama
3440,drama
3441,thriller
3442,drama
3443,horror
3444,drama
3445,romance
3446,comedy
3447,western
3448,drama
3449,drama
3450,drama
3451,drama
3452,drama
3453,drama
3454,comedy
3455,drama
3456,comedy
3457,drama
3458,horror
3459,drama
3460,horror
3461,drama
3462,drama
3463,drama
3464,comedy
3465,comedy
3466,drama
3467,comedy
3468,action
3469,comedy
3470,drama
3471,comedy
3472,comedy
3473,drama
3474,comedy
3475,comedy
3476,horror
3477,comedy
3478,comedy
3479,comedy
3480,drama
3481,drama
3482,drama
3483,action
3484,comedy
3485,comedy
3486,action
3487,drama
3488,comedy
3489,drama
3490,drama
3491,horror
3492,drama
3493,drama
3494,comedy
3495,crime
3496,action
3497,drama
3498,drama
3499,comedy
3500,drama
3501,drama
3502,drama
3503,drama
3504,horror
3505,western
3506,drama
3507,drama
3508,comedy
3509,drama
3510,drama
3511,horror
3512,drama
3513,drama
3514,comedy
3515,drama
3516,drama
3517,comedy
3518,western
3519,drama
3520,drama
3521,action
3522,drama
3523,drama
3524,comedy
3525,drama
3526,drama
3527,comedy
3528,drama
3529,drama
3530,drama
3531,drama
3532,comedy
3533,comedy
3534,drama
3535,drama
3536,drama
3537,drama
3538,drama
3539,drama
3540,drama
3541,comedy
3542,drama
3543,drama
3544,drama
3545,comedy
3546,drama
3547,drama
3548,drama
3549,comedy
3550,drama
3551,comedy
3552,drama
3553,drama
3554,comedy
3555,comedy
3556,drama
3557,comedy
3558,drama
3559,drama
3560,comedy
